subjID	block	trialNum	u	y
1	1	1	1	1
1	1	2	1	0
1	1	3	1	1
1	1	4	1	1
1	1	5	1	1
1	1	6	1	1
1	1	7	1	1
1	1	8	1	1
1	1	9	1	1
1	1	10	1	1
1	1	11	1	1
1	1	12	1	1
1	1	13	1	1
1	1	14	0	1
1	1	15	0	1
1	1	16	1	1
1	1	17	1	1
1	1	18	1	1
1	1	19	1	1
1	1	20	1	1
1	1	21	1	1
1	1	22	1	1
1	1	23	1	1
1	1	24	1	1
1	1	25	1	1
1	1	26	0	1
1	1	27	1	1
1	1	28	1	1
1	1	29	1	1
1	1	30	1	1
1	1	31	1	1
1	1	32	1	1
1	1	33	0	1
1	1	34	1	1
1	1	35	0	1
1	1	36	1	1
1	1	37	1	1
1	1	38	1	1
1	1	39	0	1
1	1	40	1	1
1	1	41	1	1
1	1	42	1	1
1	1	43	1	1
1	1	44	1	1
1	1	45	1	1
1	1	46	1	1
1	1	47	1	1
1	1	48	1	1
1	1	49	1	1
1	1	50	0	1
1	1	51	0	1
1	1	52	1	1
1	1	53	1	1
1	1	54	0	1
1	1	55	1	1
1	1	56	1	1
1	1	57	1	1
1	1	58	1	1
1	1	59	1	1
1	1	60	1	1
1	1	61	0	1
1	1	62	1	1
1	1	63	1	1
1	1	64	0	1
1	1	65	0	1
1	1	66	1	1
1	1	67	1	1
1	1	68	1	1
1	1	69	0	1
1	1	70	1	0
1	1	71	1	1
1	1	72	1	1
1	1	73	1	1
1	1	74	0	1
1	1	75	1	1
1	1	76	0	1
1	1	77	1	1
1	1	78	0	1
1	1	79	1	1
1	1	80	1	1
1	1	81	1	1
1	1	82	0	1
1	1	83	1	1
1	1	84	0	1
1	1	85	1	1
1	1	86	1	1
1	1	87	1	1
1	1	88	1	1
1	1	89	1	1
1	1	90	1	1
1	1	91	1	1
1	1	92	1	1
1	1	93	1	1
1	1	94	1	1
1	1	95	0	1
1	1	96	1	1
1	1	97	0	1
1	1	98	1	1
1	1	99	1	1
1	1	100	0	1
1	1	101	0	1
1	1	102	0	1
1	1	103	0	1
1	1	104	0	0
1	1	105	0	0
1	1	106	0	0
1	1	107	1	0
1	1	108	1	0
1	1	109	1	1
1	1	110	1	1
1	1	111	1	1
1	1	112	0	1
1	1	113	1	0
1	1	114	1	0
1	1	115	0	1
1	1	116	0	0
1	1	117	0	0
1	1	118	0	1
1	1	119	1	0
1	1	120	0	0
1	1	121	0	0
1	1	122	1	0
1	1	123	0	1
1	1	124	0	1
1	1	125	0	0
1	1	126	0	0
1	1	127	0	0
1	1	128	0	0
1	1	129	0	1
1	1	130	0	0
1	1	131	0	0
1	1	132	0	0
1	1	133	0	0
1	1	134	1	0
1	1	135	1	0
1	1	136	1	0
1	1	137	1	0
1	1	138	1	0
1	1	139	1	1
1	1	140	1	0
1	1	141	1	0
1	1	142	0	1
1	1	143	0	1
1	1	144	0	1
1	1	145	0	1
1	1	146	0	1
1	1	147	0	0
1	1	148	1	0
1	1	149	0	1
1	1	150	1	0
1	1	151	0	0
1	1	152	0	0
1	1	153	1	1
1	1	154	1	0
1	1	155	1	0
1	1	156	1	1
1	1	157	1	1
1	1	158	1	1
1	1	159	1	1
1	1	160	1	1
1	1	161	1	1
1	1	162	1	1
1	1	163	1	1
1	1	164	0	1
1	1	165	1	1
1	1	166	1	1
1	1	167	1	1
1	1	168	1	1
1	1	169	1	1
1	1	170	1	1
1	1	171	1	1
1	1	172	1	1
1	1	173	1	1
1	1	174	0	1
1	1	175	0	1
1	1	176	0	1
1	1	177	0	1
1	1	178	1	1
1	1	179	1	0
1	1	180	0	1
1	1	181	0	1
1	1	182	0	1
1	1	183	1	0
1	1	184	0	0
1	1	185	1	1
1	1	186	1	0
1	1	187	1	0
1	1	188	1	1
1	1	189	1	1
1	1	190	1	1
1	1	191	1	1
1	1	192	1	1
1	1	193	1	1
1	1	194	1	1
1	1	195	1	1
1	1	196	1	1
1	1	197	1	1
1	1	198	1	1
1	1	199	1	1
1	1	200	1	1
1	1	201	1	1
1	1	202	1	1
1	1	203	1	1
1	1	204	1	1
1	1	205	1	1
1	1	206	0	1
1	1	207	0	1
1	1	208	1	1
1	1	209	1	1
1	1	210	1	1
1	1	211	1	1
1	1	212	1	1
1	1	213	1	1
1	1	214	1	1
1	1	215	1	1
1	1	216	1	1
1	1	217	1	1
1	1	218	1	1
1	1	219	1	1
1	1	220	1	1
1	1	221	1	1
1	1	222	1	1
1	1	223	1	1
1	1	224	1	1
1	1	225	1	1
1	1	226	1	1
1	1	227	1	1
1	1	228	1	1
1	1	229	1	1
1	1	230	0	1
1	1	231	1	1
1	1	232	1	1
1	1	233	1	1
1	1	234	1	1
1	1	235	0	1
1	1	236	1	1
1	1	237	1	1
1	1	238	1	1
1	1	239	1	1
1	1	240	0	1
1	1	241	0	1
1	1	242	1	0
1	1	243	0	1
1	1	244	0	1
1	1	245	1	1
1	1	246	1	0
1	1	247	1	1
1	1	248	1	0
1	1	249	1	0
1	1	250	1	1
1	1	251	1	1
1	1	252	1	1
1	1	253	0	1
1	1	254	1	1
1	1	255	0	1
1	1	256	1	1
1	1	257	1	0
1	1	258	1	1
1	1	259	1	1
1	1	260	0	1
1	1	261	1	1
1	1	262	1	0
1	1	263	1	1
1	1	264	1	1
1	1	265	1	1
1	1	266	1	1
1	1	267	1	1
1	1	268	1	1
1	1	269	1	1
1	1	270	1	1
1	1	271	1	1
1	1	272	1	1
1	1	273	0	1
1	1	274	1	1
1	1	275	0	1
1	1	276	1	1
1	1	277	0	1
1	1	278	1	1
1	1	279	1	1
1	1	280	1	1
1	1	281	1	1
1	1	282	1	1
1	1	283	1	1
1	1	284	0	1
1	1	285	0	1
1	1	286	1	1
1	1	287	1	1
1	1	288	1	1
1	1	289	0	1
1	1	290	0	1
1	1	291	1	1
1	1	292	1	1
1	1	293	1	1
1	1	294	1	1
1	1	295	1	1
1	1	296	1	1
1	1	297	1	1
1	1	298	1	1
1	1	299	1	1
1	1	300	1	1
1	1	301	0	1
1	1	302	1	1
1	1	303	1	1
1	1	304	0	1
1	1	305	0	1
1	1	306	0	0
1	1	307	1	1
1	1	308	1	1
1	1	309	1	1
1	1	310	1	1
1	1	311	1	1
1	1	312	1	1
1	1	313	0	1
1	1	314	0	0
1	1	315	0	0
1	1	316	0	0
1	1	317	1	1
1	1	318	0	1
1	1	319	0	1
1	1	320	0	1
1	1	321	0	0
1	1	322	0	0
1	1	323	1	0
1	1	324	1	0
1	1	325	1	0
1	1	326	0	0
1	1	327	0	0
1	1	328	0	0
1	1	329	0	0
1	1	330	0	0
1	1	331	1	0
1	1	332	1	0
1	1	333	1	1
1	1	334	1	1
1	1	335	0	1
1	1	336	0	1
1	1	337	1	0
1	1	338	1	0
1	1	339	1	1
1	1	340	0	1
1	1	341	1	1
1	1	342	1	1
1	1	343	0	1
1	1	344	0	1
1	1	345	0	1
1	1	346	0	0
1	1	347	0	0
1	1	348	0	1
1	1	349	0	0
1	1	350	1	0
1	1	351	1	0
1	1	352	1	0
1	1	353	1	0
1	1	354	1	1
1	1	355	1	1
1	1	356	1	1
1	1	357	1	1
1	1	358	0	1
1	1	359	1	0
1	1	360	1	1
1	1	361	1	1
1	1	362	1	1
1	1	363	1	1
1	1	364	1	1
1	1	365	1	1
1	1	366	1	1
1	1	367	1	1
1	1	368	0	1
1	1	369	0	1
1	1	370	1	1
1	1	371	0	1
1	1	372	1	1
1	1	373	0	1
1	1	374	0	1
1	1	375	0	1
1	1	376	0	1
1	1	377	0	0
1	1	378	0	1
1	1	379	0	0
1	1	380	0	0
1	1	381	0	0
1	1	382	1	0
1	1	383	0	0
1	1	384	0	0
1	1	385	0	0
1	1	386	0	0
1	1	387	1	0
1	1	388	1	0
1	1	389	1	0
1	1	390	0	0
1	1	391	1	0
1	1	392	0	0
1	1	393	0	0
1	1	394	1	0
1	1	395	1	0
1	1	396	1	0
1	1	397	1	0
1	1	398	1	1
1	1	399	1	1
1	1	400	1	1
1	2	1	1	1
1	2	2	1	0
1	2	3	1	1
1	2	4	1	1
1	2	5	1	1
1	2	6	1	1
1	2	7	1	1
1	2	8	1	1
1	2	9	1	1
1	2	10	1	1
1	2	11	1	1
1	2	12	1	1
1	2	13	1	1
1	2	14	0	1
1	2	15	0	1
1	2	16	1	1
1	2	17	1	1
1	2	18	1	1
1	2	19	1	1
1	2	20	1	1
1	2	21	1	1
1	2	22	1	1
1	2	23	1	1
1	2	24	1	1
1	2	25	1	1
1	2	26	0	1
1	2	27	1	1
1	2	28	1	1
1	2	29	1	1
1	2	30	1	1
1	2	31	1	1
1	2	32	1	1
1	2	33	0	1
1	2	34	1	1
1	2	35	0	1
1	2	36	1	0
1	2	37	1	1
1	2	38	1	1
1	2	39	0	1
1	2	40	1	1
1	2	41	1	1
1	2	42	1	1
1	2	43	1	1
1	2	44	1	1
1	2	45	1	1
1	2	46	1	1
1	2	47	1	1
1	2	48	1	1
1	2	49	1	1
1	2	50	0	1
1	2	51	0	0
1	2	52	1	0
1	2	53	1	0
1	2	54	0	1
1	2	55	1	1
1	2	56	1	0
1	2	57	1	1
1	2	58	1	1
1	2	59	1	1
1	2	60	1	1
1	2	61	0	1
1	2	62	1	1
1	2	63	1	1
1	2	64	0	1
1	2	65	0	1
1	2	66	1	0
1	2	67	1	1
1	2	68	1	1
1	2	69	0	1
1	2	70	1	0
1	2	71	1	1
1	2	72	1	1
1	2	73	1	1
1	2	74	0	1
1	2	75	1	1
1	2	76	0	1
1	2	77	1	0
1	2	78	0	1
1	2	79	1	1
1	2	80	1	1
1	2	81	1	1
1	2	82	0	1
1	2	83	1	1
1	2	84	0	1
1	2	85	1	1
1	2	86	1	1
1	2	87	1	1
1	2	88	1	1
1	2	89	1	1
1	2	90	1	1
1	2	91	1	1
1	2	92	1	1
1	2	93	1	1
1	2	94	1	1
1	2	95	0	1
1	2	96	1	1
1	2	97	0	1
1	2	98	1	1
1	2	99	1	1
1	2	100	0	1
1	2	101	0	1
1	2	102	0	0
1	2	103	0	0
1	2	104	0	0
1	2	105	0	0
1	2	106	0	0
1	2	107	1	0
1	2	108	1	0
1	2	109	1	1
1	2	110	1	1
1	2	111	1	1
1	2	112	0	1
1	2	113	1	0
1	2	114	1	1
1	2	115	0	1
1	2	116	0	0
1	2	117	0	0
1	2	118	0	0
1	2	119	1	0
1	2	120	0	0
1	2	121	0	0
1	2	122	1	0
1	2	123	0	0
1	2	124	0	1
1	2	125	0	0
1	2	126	0	0
1	2	127	0	0
1	2	128	0	0
1	2	129	0	0
1	2	130	0	0
1	2	131	0	0
1	2	132	0	0
1	2	133	0	0
1	2	134	1	0
1	2	135	1	0
1	2	136	1	1
1	2	137	1	1
1	2	138	1	1
1	2	139	1	1
1	2	140	1	1
1	2	141	1	1
1	2	142	0	1
1	2	143	0	1
1	2	144	0	1
1	2	145	0	0
1	2	146	0	1
1	2	147	0	0
1	2	148	1	0
1	2	149	0	1
1	2	150	1	0
1	2	151	0	0
1	2	152	0	0
1	2	153	1	0
1	2	154	1	0
1	2	155	1	0
1	2	156	1	1
1	2	157	1	1
1	2	158	1	1
1	2	159	1	1
1	2	160	1	1
1	2	161	1	1
1	2	162	1	1
1	2	163	1	1
1	2	164	0	1
1	2	165	1	1
1	2	166	1	1
1	2	167	1	1
1	2	168	1	1
1	2	169	1	1
1	2	170	1	1
1	2	171	1	1
1	2	172	1	1
1	2	173	1	1
1	2	174	0	1
1	2	175	0	1
1	2	176	0	1
1	2	177	0	0
1	2	178	1	0
1	2	179	1	0
1	2	180	0	1
1	2	181	0	1
1	2	182	0	1
1	2	183	1	0
1	2	184	0	0
1	2	185	1	0
1	2	186	1	0
1	2	187	1	0
1	2	188	1	1
1	2	189	1	1
1	2	190	1	1
1	2	191	1	1
1	2	192	1	1
1	2	193	1	1
1	2	194	1	1
1	2	195	1	1
1	2	196	1	1
1	2	197	1	1
1	2	198	1	1
1	2	199	1	1
1	2	200	1	1
1	2	201	1	1
1	2	202	1	1
1	2	203	1	1
1	2	204	1	1
1	2	205	1	1
1	2	206	0	1
1	2	207	0	1
1	2	208	1	0
1	2	209	1	1
1	2	210	1	1
1	2	211	1	1
1	2	212	1	1
1	2	213	1	1
1	2	214	1	1
1	2	215	1	1
1	2	216	1	1
1	2	217	1	1
1	2	218	1	1
1	2	219	1	1
1	2	220	1	1
1	2	221	1	1
1	2	222	1	1
1	2	223	1	1
1	2	224	1	1
1	2	225	1	1
1	2	226	1	1
1	2	227	1	1
1	2	228	1	1
1	2	229	1	1
1	2	230	0	1
1	2	231	1	1
1	2	232	1	1
1	2	233	1	1
1	2	234	1	1
1	2	235	0	1
1	2	236	1	1
1	2	237	1	1
1	2	238	1	1
1	2	239	1	1
1	2	240	0	1
1	2	241	0	0
1	2	242	1	0
1	2	243	0	0
1	2	244	0	1
1	2	245	1	1
1	2	246	1	0
1	2	247	1	1
1	2	248	1	0
1	2	249	1	0
1	2	250	1	1
1	2	251	1	1
1	2	252	1	1
1	2	253	0	1
1	2	254	1	1
1	2	255	0	1
1	2	256	1	1
1	2	257	1	0
1	2	258	1	1
1	2	259	1	1
1	2	260	0	1
1	2	261	1	1
1	2	262	1	0
1	2	263	1	1
1	2	264	1	1
1	2	265	1	1
1	2	266	1	1
1	2	267	1	1
1	2	268	1	1
1	2	269	1	1
1	2	270	1	1
1	2	271	1	1
1	2	272	1	1
1	2	273	0	1
1	2	274	1	1
1	2	275	0	1
1	2	276	1	1
1	2	277	0	1
1	2	278	1	0
1	2	279	1	1
1	2	280	1	1
1	2	281	1	1
1	2	282	1	1
1	2	283	1	1
1	2	284	0	1
1	2	285	0	1
1	2	286	1	1
1	2	287	1	1
1	2	288	1	1
1	2	289	0	1
1	2	290	0	1
1	2	291	1	1
1	2	292	1	1
1	2	293	1	1
1	2	294	1	1
1	2	295	1	1
1	2	296	1	1
1	2	297	1	1
1	2	298	1	1
1	2	299	1	1
1	2	300	1	1
1	2	301	0	1
1	2	302	1	1
1	2	303	1	1
1	2	304	0	1
1	2	305	0	1
1	2	306	0	0
1	2	307	1	0
1	2	308	1	1
1	2	309	1	1
1	2	310	1	1
1	2	311	1	1
1	2	312	1	1
1	2	313	0	1
1	2	314	0	0
1	2	315	0	0
1	2	316	0	0
1	2	317	1	0
1	2	318	0	1
1	2	319	0	1
1	2	320	0	0
1	2	321	0	0
1	2	322	0	0
1	2	323	1	0
1	2	324	1	0
1	2	325	1	0
1	2	326	0	1
1	2	327	0	0
1	2	328	0	0
1	2	329	0	0
1	2	330	0	0
1	2	331	1	0
1	2	332	1	0
1	2	333	1	1
1	2	334	1	1
1	2	335	0	1
1	2	336	0	1
1	2	337	1	0
1	2	338	1	0
1	2	339	1	1
1	2	340	0	1
1	2	341	1	1
1	2	342	1	1
1	2	343	0	1
1	2	344	0	1
1	2	345	0	0
1	2	346	0	0
1	2	347	0	0
1	2	348	0	0
1	2	349	0	0
1	2	350	1	0
1	2	351	1	0
1	2	352	1	0
1	2	353	1	1
1	2	354	1	1
1	2	355	1	1
1	2	356	1	1
1	2	357	1	1
1	2	358	0	1
1	2	359	1	0
1	2	360	1	1
1	2	361	1	1
1	2	362	1	1
1	2	363	1	1
1	2	364	1	1
1	2	365	1	1
1	2	366	1	1
1	2	367	1	1
1	2	368	0	1
1	2	369	0	1
1	2	370	1	1
1	2	371	0	1
1	2	372	1	1
1	2	373	0	1
1	2	374	0	0
1	2	375	0	1
1	2	376	0	0
1	2	377	0	0
1	2	378	0	0
1	2	379	0	0
1	2	380	0	0
1	2	381	0	0
1	2	382	1	0
1	2	383	0	0
1	2	384	0	0
1	2	385	0	0
1	2	386	0	0
1	2	387	1	0
1	2	388	1	0
1	2	389	1	0
1	2	390	0	0
1	2	391	1	0
1	2	392	0	1
1	2	393	0	0
1	2	394	1	0
1	2	395	1	1
1	2	396	1	0
1	2	397	1	1
1	2	398	1	1
1	2	399	1	1
1	2	400	1	1
2	1	1	1	1
2	1	2	1	0
2	1	3	1	1
2	1	4	1	1
2	1	5	1	1
2	1	6	1	1
2	1	7	1	1
2	1	8	1	1
2	1	9	1	1
2	1	10	1	1
2	1	11	1	1
2	1	12	1	1
2	1	13	1	1
2	1	14	0	1
2	1	15	0	1
2	1	16	1	1
2	1	17	1	1
2	1	18	1	1
2	1	19	1	1
2	1	20	1	1
2	1	21	1	1
2	1	22	1	1
2	1	23	1	1
2	1	24	1	1
2	1	25	1	1
2	1	26	0	1
2	1	27	1	1
2	1	28	1	1
2	1	29	1	1
2	1	30	1	1
2	1	31	1	1
2	1	32	1	1
2	1	33	0	1
2	1	34	1	1
2	1	35	0	1
2	1	36	1	1
2	1	37	1	1
2	1	38	1	1
2	1	39	0	1
2	1	40	1	1
2	1	41	1	1
2	1	42	1	1
2	1	43	1	1
2	1	44	1	1
2	1	45	1	1
2	1	46	1	1
2	1	47	1	1
2	1	48	1	1
2	1	49	1	1
2	1	50	0	1
2	1	51	0	1
2	1	52	1	1
2	1	53	1	1
2	1	54	0	1
2	1	55	1	1
2	1	56	1	1
2	1	57	1	1
2	1	58	1	1
2	1	59	1	1
2	1	60	1	1
2	1	61	0	1
2	1	62	1	1
2	1	63	1	1
2	1	64	0	1
2	1	65	0	1
2	1	66	1	1
2	1	67	1	1
2	1	68	1	1
2	1	69	0	1
2	1	70	1	0
2	1	71	1	1
2	1	72	1	1
2	1	73	1	1
2	1	74	0	1
2	1	75	1	1
2	1	76	0	1
2	1	77	1	1
2	1	78	0	1
2	1	79	1	1
2	1	80	1	1
2	1	81	1	1
2	1	82	0	1
2	1	83	1	1
2	1	84	0	1
2	1	85	1	1
2	1	86	1	1
2	1	87	1	1
2	1	88	1	1
2	1	89	1	1
2	1	90	1	1
2	1	91	1	1
2	1	92	1	1
2	1	93	1	1
2	1	94	1	1
2	1	95	0	1
2	1	96	1	1
2	1	97	0	1
2	1	98	1	1
2	1	99	1	1
2	1	100	0	1
2	1	101	0	1
2	1	102	0	1
2	1	103	0	1
2	1	104	0	1
2	1	105	0	0
2	1	106	0	1
2	1	107	1	1
2	1	108	1	1
2	1	109	1	1
2	1	110	1	1
2	1	111	1	1
2	1	112	0	1
2	1	113	1	0
2	1	114	1	1
2	1	115	0	1
2	1	116	0	0
2	1	117	0	1
2	1	118	0	1
2	1	119	1	0
2	1	120	0	1
2	1	121	0	0
2	1	122	1	0
2	1	123	0	1
2	1	124	0	1
2	1	125	0	1
2	1	126	0	1
2	1	127	0	0
2	1	128	0	0
2	1	129	0	1
2	1	130	0	0
2	1	131	0	0
2	1	132	0	0
2	1	133	0	1
2	1	134	1	0
2	1	135	1	0
2	1	136	1	0
2	1	137	1	0
2	1	138	1	0
2	1	139	1	1
2	1	140	1	0
2	1	141	1	0
2	1	142	0	1
2	1	143	0	1
2	1	144	0	1
2	1	145	0	1
2	1	146	0	1
2	1	147	0	0
2	1	148	1	0
2	1	149	0	1
2	1	150	1	0
2	1	151	0	0
2	1	152	0	1
2	1	153	1	1
2	1	154	1	0
2	1	155	1	0
2	1	156	1	1
2	1	157	1	0
2	1	158	1	0
2	1	159	1	1
2	1	160	1	0
2	1	161	1	1
2	1	162	1	1
2	1	163	1	1
2	1	164	0	1
2	1	165	1	1
2	1	166	1	0
2	1	167	1	1
2	1	168	1	1
2	1	169	1	1
2	1	170	1	1
2	1	171	1	1
2	1	172	1	1
2	1	173	1	1
2	1	174	0	1
2	1	175	0	1
2	1	176	0	1
2	1	177	0	1
2	1	178	1	1
2	1	179	1	0
2	1	180	0	1
2	1	181	0	1
2	1	182	0	1
2	1	183	1	0
2	1	184	0	0
2	1	185	1	1
2	1	186	1	1
2	1	187	1	0
2	1	188	1	1
2	1	189	1	1
2	1	190	1	1
2	1	191	1	1
2	1	192	1	1
2	1	193	1	1
2	1	194	1	1
2	1	195	1	1
2	1	196	1	1
2	1	197	1	1
2	1	198	1	1
2	1	199	1	1
2	1	200	1	1
2	1	201	1	1
2	1	202	1	1
2	1	203	1	1
2	1	204	1	1
2	1	205	1	1
2	1	206	0	1
2	1	207	0	1
2	1	208	1	1
2	1	209	1	1
2	1	210	1	1
2	1	211	1	1
2	1	212	1	1
2	1	213	1	1
2	1	214	1	1
2	1	215	1	1
2	1	216	1	1
2	1	217	1	1
2	1	218	1	1
2	1	219	1	1
2	1	220	1	1
2	1	221	1	1
2	1	222	1	1
2	1	223	1	1
2	1	224	1	1
2	1	225	1	1
2	1	226	1	1
2	1	227	1	1
2	1	228	1	1
2	1	229	1	1
2	1	230	0	1
2	1	231	1	1
2	1	232	1	1
2	1	233	1	1
2	1	234	1	1
2	1	235	0	1
2	1	236	1	1
2	1	237	1	1
2	1	238	1	1
2	1	239	1	1
2	1	240	0	1
2	1	241	0	1
2	1	242	1	1
2	1	243	0	1
2	1	244	0	1
2	1	245	1	1
2	1	246	1	1
2	1	247	1	1
2	1	248	1	1
2	1	249	1	1
2	1	250	1	1
2	1	251	1	1
2	1	252	1	1
2	1	253	0	1
2	1	254	1	1
2	1	255	0	1
2	1	256	1	1
2	1	257	1	1
2	1	258	1	1
2	1	259	1	1
2	1	260	0	1
2	1	261	1	1
2	1	262	1	0
2	1	263	1	1
2	1	264	1	1
2	1	265	1	1
2	1	266	1	1
2	1	267	1	1
2	1	268	1	1
2	1	269	1	1
2	1	270	1	1
2	1	271	1	1
2	1	272	1	1
2	1	273	0	1
2	1	274	1	1
2	1	275	0	1
2	1	276	1	1
2	1	277	0	1
2	1	278	1	1
2	1	279	1	1
2	1	280	1	1
2	1	281	1	1
2	1	282	1	1
2	1	283	1	1
2	1	284	0	1
2	1	285	0	1
2	1	286	1	1
2	1	287	1	1
2	1	288	1	1
2	1	289	0	1
2	1	290	0	1
2	1	291	1	1
2	1	292	1	1
2	1	293	1	1
2	1	294	1	1
2	1	295	1	1
2	1	296	1	1
2	1	297	1	1
2	1	298	1	1
2	1	299	1	1
2	1	300	1	1
2	1	301	0	1
2	1	302	1	1
2	1	303	1	1
2	1	304	0	1
2	1	305	0	1
2	1	306	0	0
2	1	307	1	1
2	1	308	1	1
2	1	309	1	1
2	1	310	1	1
2	1	311	1	1
2	1	312	1	1
2	1	313	0	1
2	1	314	0	1
2	1	315	0	1
2	1	316	0	1
2	1	317	1	1
2	1	318	0	1
2	1	319	0	1
2	1	320	0	1
2	1	321	0	1
2	1	322	0	0
2	1	323	1	0
2	1	324	1	1
2	1	325	1	0
2	1	326	0	1
2	1	327	0	1
2	1	328	0	1
2	1	329	0	1
2	1	330	0	1
2	1	331	1	1
2	1	332	1	0
2	1	333	1	1
2	1	334	1	1
2	1	335	0	1
2	1	336	0	1
2	1	337	1	0
2	1	338	1	0
2	1	339	1	1
2	1	340	0	1
2	1	341	1	1
2	1	342	1	1
2	1	343	0	1
2	1	344	0	1
2	1	345	0	1
2	1	346	0	0
2	1	347	0	0
2	1	348	0	1
2	1	349	0	0
2	1	350	1	0
2	1	351	1	0
2	1	352	1	0
2	1	353	1	0
2	1	354	1	1
2	1	355	1	1
2	1	356	1	1
2	1	357	1	1
2	1	358	0	1
2	1	359	1	0
2	1	360	1	1
2	1	361	1	1
2	1	362	1	1
2	1	363	1	1
2	1	364	1	1
2	1	365	1	0
2	1	366	1	1
2	1	367	1	0
2	1	368	0	1
2	1	369	0	1
2	1	370	1	1
2	1	371	0	1
2	1	372	1	1
2	1	373	0	1
2	1	374	0	1
2	1	375	0	1
2	1	376	0	1
2	1	377	0	0
2	1	378	0	1
2	1	379	0	0
2	1	380	0	1
2	1	381	0	1
2	1	382	1	0
2	1	383	0	0
2	1	384	0	0
2	1	385	0	0
2	1	386	0	0
2	1	387	1	0
2	1	388	1	1
2	1	389	1	0
2	1	390	0	0
2	1	391	1	0
2	1	392	0	0
2	1	393	0	0
2	1	394	1	0
2	1	395	1	1
2	1	396	1	0
2	1	397	1	0
2	1	398	1	1
2	1	399	1	0
2	1	400	1	0
2	2	1	1	1
2	2	2	1	0
2	2	3	1	0
2	2	4	1	1
2	2	5	1	1
2	2	6	1	1
2	2	7	1	1
2	2	8	1	0
2	2	9	1	1
2	2	10	1	1
2	2	11	1	1
2	2	12	1	0
2	2	13	1	1
2	2	14	0	1
2	2	15	0	1
2	2	16	1	1
2	2	17	1	1
2	2	18	1	1
2	2	19	1	1
2	2	20	1	1
2	2	21	1	1
2	2	22	1	1
2	2	23	1	1
2	2	24	1	1
2	2	25	1	1
2	2	26	0	1
2	2	27	1	1
2	2	28	1	1
2	2	29	1	1
2	2	30	1	1
2	2	31	1	1
2	2	32	1	1
2	2	33	0	1
2	2	34	1	0
2	2	35	0	0
2	2	36	1	0
2	2	37	1	1
2	2	38	1	1
2	2	39	0	1
2	2	40	1	1
2	2	41	1	1
2	2	42	1	1
2	2	43	1	1
2	2	44	1	0
2	2	45	1	1
2	2	46	1	1
2	2	47	1	1
2	2	48	1	1
2	2	49	1	1
2	2	50	0	1
2	2	51	0	0
2	2	52	1	1
2	2	53	1	0
2	2	54	0	0
2	2	55	1	1
2	2	56	1	0
2	2	57	1	1
2	2	58	1	1
2	2	59	1	1
2	2	60	1	1
2	2	61	0	1
2	2	62	1	1
2	2	63	1	0
2	2	64	0	1
2	2	65	0	1
2	2	66	1	1
2	2	67	1	1
2	2	68	1	0
2	2	69	0	1
2	2	70	1	0
2	2	71	1	0
2	2	72	1	1
2	2	73	1	1
2	2	74	0	0
2	2	75	1	1
2	2	76	0	1
2	2	77	1	0
2	2	78	0	1
2	2	79	1	1
2	2	80	1	1
2	2	81	1	0
2	2	82	0	1
2	2	83	1	1
2	2	84	0	1
2	2	85	1	1
2	2	86	1	1
2	2	87	1	0
2	2	88	1	1
2	2	89	1	0
2	2	90	1	1
2	2	91	1	1
2	2	92	1	1
2	2	93	1	1
2	2	94	1	1
2	2	95	0	1
2	2	96	1	1
2	2	97	0	1
2	2	98	1	1
2	2	99	1	1
2	2	100	0	1
2	2	101	0	1
2	2	102	0	1
2	2	103	0	1
2	2	104	0	1
2	2	105	0	0
2	2	106	0	1
2	2	107	1	1
2	2	108	1	0
2	2	109	1	1
2	2	110	1	1
2	2	111	1	1
2	2	112	0	1
2	2	113	1	0
2	2	114	1	0
2	2	115	0	1
2	2	116	0	0
2	2	117	0	0
2	2	118	0	1
2	2	119	1	0
2	2	120	0	1
2	2	121	0	0
2	2	122	1	0
2	2	123	0	1
2	2	124	0	1
2	2	125	0	1
2	2	126	0	1
2	2	127	0	0
2	2	128	0	0
2	2	129	0	1
2	2	130	0	0
2	2	131	0	0
2	2	132	0	1
2	2	133	0	1
2	2	134	1	0
2	2	135	1	0
2	2	136	1	1
2	2	137	1	0
2	2	138	1	0
2	2	139	1	1
2	2	140	1	0
2	2	141	1	0
2	2	142	0	1
2	2	143	0	1
2	2	144	0	1
2	2	145	0	1
2	2	146	0	1
2	2	147	0	0
2	2	148	1	0
2	2	149	0	1
2	2	150	1	1
2	2	151	0	0
2	2	152	0	1
2	2	153	1	1
2	2	154	1	0
2	2	155	1	0
2	2	156	1	1
2	2	157	1	0
2	2	158	1	0
2	2	159	1	1
2	2	160	1	0
2	2	161	1	1
2	2	162	1	0
2	2	163	1	0
2	2	164	0	1
2	2	165	1	1
2	2	166	1	0
2	2	167	1	1
2	2	168	1	1
2	2	169	1	1
2	2	170	1	1
2	2	171	1	1
2	2	172	1	1
2	2	173	1	1
2	2	174	0	1
2	2	175	0	1
2	2	176	0	1
2	2	177	0	0
2	2	178	1	1
2	2	179	1	0
2	2	180	0	1
2	2	181	0	1
2	2	182	0	1
2	2	183	1	0
2	2	184	0	0
2	2	185	1	1
2	2	186	1	0
2	2	187	1	0
2	2	188	1	1
2	2	189	1	1
2	2	190	1	1
2	2	191	1	1
2	2	192	1	0
2	2	193	1	0
2	2	194	1	1
2	2	195	1	1
2	2	196	1	1
2	2	197	1	1
2	2	198	1	0
2	2	199	1	0
2	2	200	1	0
2	2	201	1	1
2	2	202	1	1
2	2	203	1	1
2	2	204	1	0
2	2	205	1	1
2	2	206	0	1
2	2	207	0	1
2	2	208	1	1
2	2	209	1	1
2	2	210	1	1
2	2	211	1	1
2	2	212	1	1
2	2	213	1	1
2	2	214	1	1
2	2	215	1	1
2	2	216	1	1
2	2	217	1	1
2	2	218	1	1
2	2	219	1	1
2	2	220	1	0
2	2	221	1	1
2	2	222	1	1
2	2	223	1	1
2	2	224	1	1
2	2	225	1	1
2	2	226	1	1
2	2	227	1	0
2	2	228	1	1
2	2	229	1	0
2	2	230	0	1
2	2	231	1	1
2	2	232	1	1
2	2	233	1	1
2	2	234	1	1
2	2	235	0	1
2	2	236	1	1
2	2	237	1	1
2	2	238	1	1
2	2	239	1	1
2	2	240	0	1
2	2	241	0	0
2	2	242	1	0
2	2	243	0	0
2	2	244	0	1
2	2	245	1	1
2	2	246	1	0
2	2	247	1	1
2	2	248	1	0
2	2	249	1	0
2	2	250	1	0
2	2	251	1	1
2	2	252	1	1
2	2	253	0	0
2	2	254	1	1
2	2	255	0	1
2	2	256	1	1
2	2	257	1	0
2	2	258	1	1
2	2	259	1	1
2	2	260	0	1
2	2	261	1	1
2	2	262	1	0
2	2	263	1	1
2	2	264	1	1
2	2	265	1	0
2	2	266	1	1
2	2	267	1	1
2	2	268	1	1
2	2	269	1	1
2	2	270	1	1
2	2	271	1	1
2	2	272	1	1
2	2	273	0	0
2	2	274	1	0
2	2	275	0	1
2	2	276	1	1
2	2	277	0	1
2	2	278	1	1
2	2	279	1	1
2	2	280	1	0
2	2	281	1	0
2	2	282	1	1
2	2	283	1	1
2	2	284	0	1
2	2	285	0	1
2	2	286	1	1
2	2	287	1	1
2	2	288	1	1
2	2	289	0	1
2	2	290	0	1
2	2	291	1	1
2	2	292	1	1
2	2	293	1	0
2	2	294	1	1
2	2	295	1	1
2	2	296	1	1
2	2	297	1	1
2	2	298	1	1
2	2	299	1	1
2	2	300	1	1
2	2	301	0	1
2	2	302	1	1
2	2	303	1	1
2	2	304	0	1
2	2	305	0	1
2	2	306	0	0
2	2	307	1	1
2	2	308	1	1
2	2	309	1	0
2	2	310	1	1
2	2	311	1	1
2	2	312	1	1
2	2	313	0	1
2	2	314	0	0
2	2	315	0	0
2	2	316	0	0
2	2	317	1	1
2	2	318	0	1
2	2	319	0	1
2	2	320	0	1
2	2	321	0	1
2	2	322	0	0
2	2	323	1	0
2	2	324	1	1
2	2	325	1	0
2	2	326	0	0
2	2	327	0	1
2	2	328	0	0
2	2	329	0	1
2	2	330	0	1
2	2	331	1	1
2	2	332	1	0
2	2	333	1	1
2	2	334	1	1
2	2	335	0	1
2	2	336	0	1
2	2	337	1	0
2	2	338	1	0
2	2	339	1	1
2	2	340	0	1
2	2	341	1	1
2	2	342	1	1
2	2	343	0	1
2	2	344	0	1
2	2	345	0	1
2	2	346	0	0
2	2	347	0	0
2	2	348	0	1
2	2	349	0	1
2	2	350	1	0
2	2	351	1	0
2	2	352	1	0
2	2	353	1	0
2	2	354	1	1
2	2	355	1	1
2	2	356	1	0
2	2	357	1	1
2	2	358	0	1
2	2	359	1	0
2	2	360	1	1
2	2	361	1	1
2	2	362	1	0
2	2	363	1	1
2	2	364	1	1
2	2	365	1	0
2	2	366	1	1
2	2	367	1	0
2	2	368	0	0
2	2	369	0	1
2	2	370	1	1
2	2	371	0	1
2	2	372	1	1
2	2	373	0	1
2	2	374	0	0
2	2	375	0	1
2	2	376	0	1
2	2	377	0	0
2	2	378	0	1
2	2	379	0	0
2	2	380	0	1
2	2	381	0	1
2	2	382	1	0
2	2	383	0	0
2	2	384	0	0
2	2	385	0	0
2	2	386	0	0
2	2	387	1	1
2	2	388	1	1
2	2	389	1	0
2	2	390	0	0
2	2	391	1	0
2	2	392	0	1
2	2	393	0	1
2	2	394	1	0
2	2	395	1	1
2	2	396	1	0
2	2	397	1	0
2	2	398	1	1
2	2	399	1	0
2	2	400	1	0
3	1	1	1	1
3	1	2	1	0
3	1	3	1	0
3	1	4	1	1
3	1	5	1	1
3	1	6	1	1
3	1	7	1	1
3	1	8	1	0
3	1	9	1	1
3	1	10	1	1
3	1	11	1	1
3	1	12	1	0
3	1	13	1	1
3	1	14	0	1
3	1	15	0	1
3	1	16	1	1
3	1	17	1	1
3	1	18	1	1
3	1	19	1	1
3	1	20	1	1
3	1	21	1	1
3	1	22	1	1
3	1	23	1	1
3	1	24	1	1
3	1	25	1	1
3	1	26	0	1
3	1	27	1	1
3	1	28	1	1
3	1	29	1	1
3	1	30	1	1
3	1	31	1	1
3	1	32	1	1
3	1	33	0	1
3	1	34	1	0
3	1	35	0	0
3	1	36	1	0
3	1	37	1	1
3	1	38	1	1
3	1	39	0	1
3	1	40	1	1
3	1	41	1	1
3	1	42	1	1
3	1	43	1	1
3	1	44	1	0
3	1	45	1	1
3	1	46	1	1
3	1	47	1	1
3	1	48	1	1
3	1	49	1	1
3	1	50	0	1
3	1	51	0	0
3	1	52	1	1
3	1	53	1	0
3	1	54	0	0
3	1	55	1	1
3	1	56	1	0
3	1	57	1	1
3	1	58	1	1
3	1	59	1	1
3	1	60	1	1
3	1	61	0	1
3	1	62	1	1
3	1	63	1	0
3	1	64	0	1
3	1	65	0	1
3	1	66	1	1
3	1	67	1	1
3	1	68	1	0
3	1	69	0	1
3	1	70	1	0
3	1	71	1	0
3	1	72	1	1
3	1	73	1	1
3	1	74	0	0
3	1	75	1	1
3	1	76	0	1
3	1	77	1	0
3	1	78	0	1
3	1	79	1	1
3	1	80	1	1
3	1	81	1	0
3	1	82	0	1
3	1	83	1	1
3	1	84	0	1
3	1	85	1	1
3	1	86	1	1
3	1	87	1	0
3	1	88	1	1
3	1	89	1	0
3	1	90	1	1
3	1	91	1	1
3	1	92	1	1
3	1	93	1	1
3	1	94	1	1
3	1	95	0	1
3	1	96	1	1
3	1	97	0	1
3	1	98	1	1
3	1	99	1	1
3	1	100	0	1
3	1	101	0	1
3	1	102	0	1
3	1	103	0	1
3	1	104	0	1
3	1	105	0	0
3	1	106	0	1
3	1	107	1	1
3	1	108	1	0
3	1	109	1	1
3	1	110	1	1
3	1	111	1	1
3	1	112	0	1
3	1	113	1	0
3	1	114	1	0
3	1	115	0	1
3	1	116	0	0
3	1	117	0	0
3	1	118	0	1
3	1	119	1	0
3	1	120	0	1
3	1	121	0	0
3	1	122	1	0
3	1	123	0	1
3	1	124	0	1
3	1	125	0	1
3	1	126	0	1
3	1	127	0	0
3	1	128	0	0
3	1	129	0	1
3	1	130	0	0
3	1	131	0	0
3	1	132	0	1
3	1	133	0	1
3	1	134	1	1
3	1	135	1	0
3	1	136	1	1
3	1	137	1	0
3	1	138	1	0
3	1	139	1	1
3	1	140	1	0
3	1	141	1	0
3	1	142	0	1
3	1	143	0	1
3	1	144	0	1
3	1	145	0	1
3	1	146	0	1
3	1	147	0	0
3	1	148	1	0
3	1	149	0	1
3	1	150	1	1
3	1	151	0	0
3	1	152	0	1
3	1	153	1	1
3	1	154	1	0
3	1	155	1	0
3	1	156	1	1
3	1	157	1	0
3	1	158	1	0
3	1	159	1	1
3	1	160	1	0
3	1	161	1	1
3	1	162	1	0
3	1	163	1	0
3	1	164	0	1
3	1	165	1	1
3	1	166	1	0
3	1	167	1	1
3	1	168	1	1
3	1	169	1	1
3	1	170	1	1
3	1	171	1	0
3	1	172	1	1
3	1	173	1	1
3	1	174	0	1
3	1	175	0	1
3	1	176	0	1
3	1	177	0	0
3	1	178	1	1
3	1	179	1	0
3	1	180	0	1
3	1	181	0	1
3	1	182	0	1
3	1	183	1	0
3	1	184	0	0
3	1	185	1	1
3	1	186	1	0
3	1	187	1	0
3	1	188	1	1
3	1	189	1	1
3	1	190	1	1
3	1	191	1	1
3	1	192	1	0
3	1	193	1	0
3	1	194	1	1
3	1	195	1	1
3	1	196	1	1
3	1	197	1	0
3	1	198	1	0
3	1	199	1	0
3	1	200	1	0
3	1	201	1	1
3	1	202	1	1
3	1	203	1	1
3	1	204	1	0
3	1	205	1	1
3	1	206	0	1
3	1	207	0	1
3	1	208	1	1
3	1	209	1	1
3	1	210	1	1
3	1	211	1	1
3	1	212	1	1
3	1	213	1	1
3	1	214	1	1
3	1	215	1	1
3	1	216	1	1
3	1	217	1	1
3	1	218	1	1
3	1	219	1	1
3	1	220	1	0
3	1	221	1	1
3	1	222	1	1
3	1	223	1	1
3	1	224	1	1
3	1	225	1	1
3	1	226	1	1
3	1	227	1	0
3	1	228	1	1
3	1	229	1	0
3	1	230	0	1
3	1	231	1	1
3	1	232	1	1
3	1	233	1	1
3	1	234	1	1
3	1	235	0	1
3	1	236	1	1
3	1	237	1	1
3	1	238	1	1
3	1	239	1	1
3	1	240	0	1
3	1	241	0	0
3	1	242	1	0
3	1	243	0	0
3	1	244	0	1
3	1	245	1	1
3	1	246	1	0
3	1	247	1	1
3	1	248	1	0
3	1	249	1	0
3	1	250	1	0
3	1	251	1	1
3	1	252	1	1
3	1	253	0	0
3	1	254	1	1
3	1	255	0	1
3	1	256	1	1
3	1	257	1	0
3	1	258	1	1
3	1	259	1	1
3	1	260	0	1
3	1	261	1	1
3	1	262	1	0
3	1	263	1	1
3	1	264	1	1
3	1	265	1	0
3	1	266	1	1
3	1	267	1	1
3	1	268	1	1
3	1	269	1	1
3	1	270	1	1
3	1	271	1	1
3	1	272	1	1
3	1	273	0	0
3	1	274	1	0
3	1	275	0	1
3	1	276	1	1
3	1	277	0	0
3	1	278	1	1
3	1	279	1	1
3	1	280	1	0
3	1	281	1	0
3	1	282	1	1
3	1	283	1	1
3	1	284	0	1
3	1	285	0	1
3	1	286	1	1
3	1	287	1	1
3	1	288	1	1
3	1	289	0	1
3	1	290	0	1
3	1	291	1	1
3	1	292	1	1
3	1	293	1	0
3	1	294	1	1
3	1	295	1	1
3	1	296	1	1
3	1	297	1	1
3	1	298	1	1
3	1	299	1	1
3	1	300	1	1
3	1	301	0	1
3	1	302	1	1
3	1	303	1	1
3	1	304	0	1
3	1	305	0	1
3	1	306	0	0
3	1	307	1	1
3	1	308	1	1
3	1	309	1	0
3	1	310	1	1
3	1	311	1	1
3	1	312	1	1
3	1	313	0	1
3	1	314	0	0
3	1	315	0	0
3	1	316	0	0
3	1	317	1	1
3	1	318	0	1
3	1	319	0	1
3	1	320	0	1
3	1	321	0	1
3	1	322	0	0
3	1	323	1	0
3	1	324	1	1
3	1	325	1	0
3	1	326	0	0
3	1	327	0	1
3	1	328	0	0
3	1	329	0	1
3	1	330	0	1
3	1	331	1	1
3	1	332	1	0
3	1	333	1	1
3	1	334	1	1
3	1	335	0	1
3	1	336	0	1
3	1	337	1	0
3	1	338	1	0
3	1	339	1	1
3	1	340	0	1
3	1	341	1	1
3	1	342	1	1
3	1	343	0	1
3	1	344	0	1
3	1	345	0	1
3	1	346	0	0
3	1	347	0	0
3	1	348	0	1
3	1	349	0	1
3	1	350	1	0
3	1	351	1	0
3	1	352	1	0
3	1	353	1	0
3	1	354	1	1
3	1	355	1	1
3	1	356	1	0
3	1	357	1	1
3	1	358	0	1
3	1	359	1	0
3	1	360	1	1
3	1	361	1	1
3	1	362	1	0
3	1	363	1	1
3	1	364	1	1
3	1	365	1	0
3	1	366	1	1
3	1	367	1	0
3	1	368	0	0
3	1	369	0	1
3	1	370	1	1
3	1	371	0	1
3	1	372	1	1
3	1	373	0	1
3	1	374	0	0
3	1	375	0	1
3	1	376	0	1
3	1	377	0	0
3	1	378	0	1
3	1	379	0	0
3	1	380	0	1
3	1	381	0	1
3	1	382	1	0
3	1	383	0	0
3	1	384	0	0
3	1	385	0	0
3	1	386	0	0
3	1	387	1	1
3	1	388	1	1
3	1	389	1	0
3	1	390	0	0
3	1	391	1	0
3	1	392	0	1
3	1	393	0	1
3	1	394	1	0
3	1	395	1	1
3	1	396	1	0
3	1	397	1	0
3	1	398	1	1
3	1	399	1	0
3	1	400	1	0
3	2	1	1	1
3	2	2	1	0
3	2	3	1	1
3	2	4	1	1
3	2	5	1	1
3	2	6	1	1
3	2	7	1	1
3	2	8	1	1
3	2	9	1	1
3	2	10	1	1
3	2	11	1	1
3	2	12	1	1
3	2	13	1	1
3	2	14	0	1
3	2	15	0	1
3	2	16	1	1
3	2	17	1	1
3	2	18	1	1
3	2	19	1	1
3	2	20	1	1
3	2	21	1	1
3	2	22	1	1
3	2	23	1	1
3	2	24	1	1
3	2	25	1	1
3	2	26	0	1
3	2	27	1	1
3	2	28	1	1
3	2	29	1	1
3	2	30	1	1
3	2	31	1	1
3	2	32	1	1
3	2	33	0	1
3	2	34	1	1
3	2	35	0	1
3	2	36	1	1
3	2	37	1	1
3	2	38	1	1
3	2	39	0	1
3	2	40	1	1
3	2	41	1	1
3	2	42	1	1
3	2	43	1	1
3	2	44	1	1
3	2	45	1	1
3	2	46	1	1
3	2	47	1	1
3	2	48	1	1
3	2	49	1	1
3	2	50	0	1
3	2	51	0	1
3	2	52	1	1
3	2	53	1	1
3	2	54	0	1
3	2	55	1	1
3	2	56	1	1
3	2	57	1	1
3	2	58	1	1
3	2	59	1	1
3	2	60	1	1
3	2	61	0	1
3	2	62	1	1
3	2	63	1	1
3	2	64	0	1
3	2	65	0	1
3	2	66	1	1
3	2	67	1	1
3	2	68	1	1
3	2	69	0	1
3	2	70	1	1
3	2	71	1	1
3	2	72	1	1
3	2	73	1	1
3	2	74	0	1
3	2	75	1	1
3	2	76	0	1
3	2	77	1	1
3	2	78	0	1
3	2	79	1	1
3	2	80	1	1
3	2	81	1	1
3	2	82	0	1
3	2	83	1	1
3	2	84	0	1
3	2	85	1	1
3	2	86	1	1
3	2	87	1	1
3	2	88	1	1
3	2	89	1	1
3	2	90	1	1
3	2	91	1	1
3	2	92	1	1
3	2	93	1	1
3	2	94	1	1
3	2	95	0	1
3	2	96	1	1
3	2	97	0	1
3	2	98	1	1
3	2	99	1	1
3	2	100	0	1
3	2	101	0	1
3	2	102	0	1
3	2	103	0	1
3	2	104	0	1
3	2	105	0	1
3	2	106	0	1
3	2	107	1	1
3	2	108	1	1
3	2	109	1	1
3	2	110	1	1
3	2	111	1	1
3	2	112	0	1
3	2	113	1	1
3	2	114	1	1
3	2	115	0	1
3	2	116	0	1
3	2	117	0	1
3	2	118	0	1
3	2	119	1	1
3	2	120	0	1
3	2	121	0	1
3	2	122	1	0
3	2	123	0	1
3	2	124	0	1
3	2	125	0	1
3	2	126	0	1
3	2	127	0	0
3	2	128	0	0
3	2	129	0	1
3	2	130	0	1
3	2	131	0	1
3	2	132	0	1
3	2	133	0	1
3	2	134	1	1
3	2	135	1	0
3	2	136	1	1
3	2	137	1	1
3	2	138	1	0
3	2	139	1	1
3	2	140	1	0
3	2	141	1	0
3	2	142	0	1
3	2	143	0	1
3	2	144	0	1
3	2	145	0	1
3	2	146	0	1
3	2	147	0	0
3	2	148	1	1
3	2	149	0	1
3	2	150	1	1
3	2	151	0	0
3	2	152	0	1
3	2	153	1	1
3	2	154	1	1
3	2	155	1	0
3	2	156	1	1
3	2	157	1	0
3	2	158	1	0
3	2	159	1	1
3	2	160	1	1
3	2	161	1	1
3	2	162	1	1
3	2	163	1	1
3	2	164	0	1
3	2	165	1	1
3	2	166	1	0
3	2	167	1	1
3	2	168	1	1
3	2	169	1	1
3	2	170	1	1
3	2	171	1	1
3	2	172	1	1
3	2	173	1	1
3	2	174	0	1
3	2	175	0	1
3	2	176	0	1
3	2	177	0	1
3	2	178	1	1
3	2	179	1	0
3	2	180	0	1
3	2	181	0	1
3	2	182	0	1
3	2	183	1	0
3	2	184	0	0
3	2	185	1	1
3	2	186	1	1
3	2	187	1	1
3	2	188	1	1
3	2	189	1	1
3	2	190	1	1
3	2	191	1	1
3	2	192	1	0
3	2	193	1	1
3	2	194	1	1
3	2	195	1	1
3	2	196	1	1
3	2	197	1	1
3	2	198	1	1
3	2	199	1	1
3	2	200	1	1
3	2	201	1	1
3	2	202	1	1
3	2	203	1	1
3	2	204	1	1
3	2	205	1	1
3	2	206	0	1
3	2	207	0	1
3	2	208	1	1
3	2	209	1	1
3	2	210	1	1
3	2	211	1	1
3	2	212	1	1
3	2	213	1	1
3	2	214	1	1
3	2	215	1	1
3	2	216	1	1
3	2	217	1	1
3	2	218	1	1
3	2	219	1	1
3	2	220	1	1
3	2	221	1	1
3	2	222	1	1
3	2	223	1	1
3	2	224	1	1
3	2	225	1	1
3	2	226	1	1
3	2	227	1	1
3	2	228	1	1
3	2	229	1	1
3	2	230	0	1
3	2	231	1	1
3	2	232	1	1
3	2	233	1	1
3	2	234	1	1
3	2	235	0	1
3	2	236	1	1
3	2	237	1	1
3	2	238	1	1
3	2	239	1	1
3	2	240	0	1
3	2	241	0	1
3	2	242	1	1
3	2	243	0	1
3	2	244	0	1
3	2	245	1	1
3	2	246	1	1
3	2	247	1	1
3	2	248	1	1
3	2	249	1	1
3	2	250	1	1
3	2	251	1	1
3	2	252	1	1
3	2	253	0	1
3	2	254	1	1
3	2	255	0	1
3	2	256	1	1
3	2	257	1	1
3	2	258	1	1
3	2	259	1	1
3	2	260	0	1
3	2	261	1	1
3	2	262	1	0
3	2	263	1	1
3	2	264	1	1
3	2	265	1	1
3	2	266	1	1
3	2	267	1	1
3	2	268	1	1
3	2	269	1	1
3	2	270	1	1
3	2	271	1	1
3	2	272	1	1
3	2	273	0	1
3	2	274	1	1
3	2	275	0	1
3	2	276	1	1
3	2	277	0	1
3	2	278	1	1
3	2	279	1	1
3	2	280	1	1
3	2	281	1	1
3	2	282	1	1
3	2	283	1	1
3	2	284	0	1
3	2	285	0	1
3	2	286	1	1
3	2	287	1	1
3	2	288	1	1
3	2	289	0	1
3	2	290	0	1
3	2	291	1	1
3	2	292	1	1
3	2	293	1	1
3	2	294	1	1
3	2	295	1	1
3	2	296	1	1
3	2	297	1	1
3	2	298	1	1
3	2	299	1	1
3	2	300	1	1
3	2	301	0	1
3	2	302	1	1
3	2	303	1	1
3	2	304	0	1
3	2	305	0	1
3	2	306	0	1
3	2	307	1	1
3	2	308	1	1
3	2	309	1	1
3	2	310	1	1
3	2	311	1	1
3	2	312	1	1
3	2	313	0	1
3	2	314	0	1
3	2	315	0	1
3	2	316	0	1
3	2	317	1	1
3	2	318	0	1
3	2	319	0	1
3	2	320	0	1
3	2	321	0	1
3	2	322	0	1
3	2	323	1	1
3	2	324	1	1
3	2	325	1	0
3	2	326	0	1
3	2	327	0	1
3	2	328	0	1
3	2	329	0	1
3	2	330	0	1
3	2	331	1	1
3	2	332	1	1
3	2	333	1	1
3	2	334	1	1
3	2	335	0	1
3	2	336	0	1
3	2	337	1	0
3	2	338	1	1
3	2	339	1	1
3	2	340	0	1
3	2	341	1	1
3	2	342	1	1
3	2	343	0	1
3	2	344	0	1
3	2	345	0	1
3	2	346	0	1
3	2	347	0	1
3	2	348	0	1
3	2	349	0	1
3	2	350	1	1
3	2	351	1	1
3	2	352	1	0
3	2	353	1	1
3	2	354	1	1
3	2	355	1	1
3	2	356	1	1
3	2	357	1	1
3	2	358	0	1
3	2	359	1	0
3	2	360	1	1
3	2	361	1	1
3	2	362	1	1
3	2	363	1	1
3	2	364	1	1
3	2	365	1	0
3	2	366	1	1
3	2	367	1	0
3	2	368	0	1
3	2	369	0	1
3	2	370	1	1
3	2	371	0	1
3	2	372	1	1
3	2	373	0	1
3	2	374	0	1
3	2	375	0	1
3	2	376	0	1
3	2	377	0	0
3	2	378	0	1
3	2	379	0	0
3	2	380	0	1
3	2	381	0	1
3	2	382	1	0
3	2	383	0	1
3	2	384	0	0
3	2	385	0	0
3	2	386	0	0
3	2	387	1	1
3	2	388	1	1
3	2	389	1	0
3	2	390	0	0
3	2	391	1	0
3	2	392	0	1
3	2	393	0	1
3	2	394	1	0
3	2	395	1	1
3	2	396	1	0
3	2	397	1	0
3	2	398	1	1
3	2	399	1	0
3	2	400	1	0
4	1	1	1	1
4	1	2	1	0
4	1	3	1	0
4	1	4	1	1
4	1	5	1	1
4	1	6	1	1
4	1	7	1	1
4	1	8	1	0
4	1	9	1	1
4	1	10	1	1
4	1	11	1	1
4	1	12	1	0
4	1	13	1	1
4	1	14	0	1
4	1	15	0	1
4	1	16	1	1
4	1	17	1	1
4	1	18	1	1
4	1	19	1	1
4	1	20	1	1
4	1	21	1	1
4	1	22	1	1
4	1	23	1	1
4	1	24	1	1
4	1	25	1	1
4	1	26	0	1
4	1	27	1	1
4	1	28	1	1
4	1	29	1	1
4	1	30	1	1
4	1	31	1	1
4	1	32	1	1
4	1	33	0	1
4	1	34	1	0
4	1	35	0	0
4	1	36	1	1
4	1	37	1	1
4	1	38	1	1
4	1	39	0	1
4	1	40	1	1
4	1	41	1	1
4	1	42	1	1
4	1	43	1	1
4	1	44	1	0
4	1	45	1	1
4	1	46	1	1
4	1	47	1	1
4	1	48	1	1
4	1	49	1	1
4	1	50	0	1
4	1	51	0	0
4	1	52	1	1
4	1	53	1	0
4	1	54	0	0
4	1	55	1	1
4	1	56	1	0
4	1	57	1	1
4	1	58	1	1
4	1	59	1	1
4	1	60	1	1
4	1	61	0	1
4	1	62	1	1
4	1	63	1	1
4	1	64	0	1
4	1	65	0	1
4	1	66	1	1
4	1	67	1	1
4	1	68	1	1
4	1	69	0	1
4	1	70	1	0
4	1	71	1	1
4	1	72	1	1
4	1	73	1	1
4	1	74	0	1
4	1	75	1	1
4	1	76	0	1
4	1	77	1	1
4	1	78	0	1
4	1	79	1	1
4	1	80	1	1
4	1	81	1	0
4	1	82	0	1
4	1	83	1	1
4	1	84	0	1
4	1	85	1	1
4	1	86	1	1
4	1	87	1	1
4	1	88	1	1
4	1	89	1	0
4	1	90	1	1
4	1	91	1	1
4	1	92	1	1
4	1	93	1	1
4	1	94	1	1
4	1	95	0	1
4	1	96	1	1
4	1	97	0	1
4	1	98	1	1
4	1	99	1	1
4	1	100	0	1
4	1	101	0	1
4	1	102	0	1
4	1	103	0	1
4	1	104	0	1
4	1	105	0	0
4	1	106	0	1
4	1	107	1	1
4	1	108	1	0
4	1	109	1	1
4	1	110	1	1
4	1	111	1	1
4	1	112	0	1
4	1	113	1	0
4	1	114	1	0
4	1	115	0	1
4	1	116	0	0
4	1	117	0	0
4	1	118	0	1
4	1	119	1	0
4	1	120	0	1
4	1	121	0	0
4	1	122	1	0
4	1	123	0	1
4	1	124	0	1
4	1	125	0	1
4	1	126	0	1
4	1	127	0	0
4	1	128	0	0
4	1	129	0	1
4	1	130	0	0
4	1	131	0	0
4	1	132	0	1
4	1	133	0	1
4	1	134	1	0
4	1	135	1	0
4	1	136	1	1
4	1	137	1	0
4	1	138	1	0
4	1	139	1	1
4	1	140	1	0
4	1	141	1	0
4	1	142	0	1
4	1	143	0	1
4	1	144	0	1
4	1	145	0	1
4	1	146	0	1
4	1	147	0	0
4	1	148	1	0
4	1	149	0	1
4	1	150	1	1
4	1	151	0	0
4	1	152	0	1
4	1	153	1	1
4	1	154	1	0
4	1	155	1	0
4	1	156	1	1
4	1	157	1	0
4	1	158	1	0
4	1	159	1	1
4	1	160	1	0
4	1	161	1	1
4	1	162	1	0
4	1	163	1	0
4	1	164	0	1
4	1	165	1	1
4	1	166	1	0
4	1	167	1	1
4	1	168	1	1
4	1	169	1	1
4	1	170	1	1
4	1	171	1	1
4	1	172	1	1
4	1	173	1	1
4	1	174	0	1
4	1	175	0	1
4	1	176	0	1
4	1	177	0	0
4	1	178	1	1
4	1	179	1	0
4	1	180	0	1
4	1	181	0	1
4	1	182	0	1
4	1	183	1	0
4	1	184	0	0
4	1	185	1	1
4	1	186	1	0
4	1	187	1	0
4	1	188	1	1
4	1	189	1	1
4	1	190	1	1
4	1	191	1	1
4	1	192	1	0
4	1	193	1	0
4	1	194	1	1
4	1	195	1	1
4	1	196	1	1
4	1	197	1	1
4	1	198	1	0
4	1	199	1	0
4	1	200	1	1
4	1	201	1	1
4	1	202	1	1
4	1	203	1	1
4	1	204	1	0
4	1	205	1	1
4	1	206	0	1
4	1	207	0	1
4	1	208	1	1
4	1	209	1	1
4	1	210	1	1
4	1	211	1	1
4	1	212	1	1
4	1	213	1	1
4	1	214	1	1
4	1	215	1	1
4	1	216	1	1
4	1	217	1	1
4	1	218	1	1
4	1	219	1	1
4	1	220	1	1
4	1	221	1	1
4	1	222	1	1
4	1	223	1	1
4	1	224	1	1
4	1	225	1	1
4	1	226	1	1
4	1	227	1	0
4	1	228	1	1
4	1	229	1	1
4	1	230	0	1
4	1	231	1	1
4	1	232	1	1
4	1	233	1	1
4	1	234	1	1
4	1	235	0	1
4	1	236	1	1
4	1	237	1	1
4	1	238	1	1
4	1	239	1	1
4	1	240	0	1
4	1	241	0	0
4	1	242	1	0
4	1	243	0	0
4	1	244	0	1
4	1	245	1	1
4	1	246	1	0
4	1	247	1	1
4	1	248	1	0
4	1	249	1	0
4	1	250	1	0
4	1	251	1	1
4	1	252	1	1
4	1	253	0	1
4	1	254	1	1
4	1	255	0	1
4	1	256	1	1
4	1	257	1	0
4	1	258	1	1
4	1	259	1	1
4	1	260	0	1
4	1	261	1	1
4	1	262	1	0
4	1	263	1	1
4	1	264	1	1
4	1	265	1	0
4	1	266	1	1
4	1	267	1	1
4	1	268	1	1
4	1	269	1	1
4	1	270	1	1
4	1	271	1	1
4	1	272	1	1
4	1	273	0	1
4	1	274	1	0
4	1	275	0	1
4	1	276	1	1
4	1	277	0	1
4	1	278	1	1
4	1	279	1	1
4	1	280	1	1
4	1	281	1	0
4	1	282	1	1
4	1	283	1	1
4	1	284	0	1
4	1	285	0	1
4	1	286	1	1
4	1	287	1	1
4	1	288	1	1
4	1	289	0	1
4	1	290	0	1
4	1	291	1	1
4	1	292	1	1
4	1	293	1	0
4	1	294	1	1
4	1	295	1	1
4	1	296	1	1
4	1	297	1	1
4	1	298	1	1
4	1	299	1	1
4	1	300	1	1
4	1	301	0	1
4	1	302	1	1
4	1	303	1	1
4	1	304	0	1
4	1	305	0	1
4	1	306	0	0
4	1	307	1	1
4	1	308	1	1
4	1	309	1	0
4	1	310	1	1
4	1	311	1	1
4	1	312	1	1
4	1	313	0	1
4	1	314	0	0
4	1	315	0	0
4	1	316	0	1
4	1	317	1	1
4	1	318	0	1
4	1	319	0	1
4	1	320	0	1
4	1	321	0	1
4	1	322	0	0
4	1	323	1	0
4	1	324	1	1
4	1	325	1	0
4	1	326	0	0
4	1	327	0	1
4	1	328	0	0
4	1	329	0	1
4	1	330	0	1
4	1	331	1	1
4	1	332	1	0
4	1	333	1	1
4	1	334	1	1
4	1	335	0	1
4	1	336	0	1
4	1	337	1	0
4	1	338	1	0
4	1	339	1	1
4	1	340	0	1
4	1	341	1	1
4	1	342	1	1
4	1	343	0	1
4	1	344	0	1
4	1	345	0	1
4	1	346	0	0
4	1	347	0	0
4	1	348	0	1
4	1	349	0	1
4	1	350	1	0
4	1	351	1	0
4	1	352	1	0
4	1	353	1	0
4	1	354	1	1
4	1	355	1	1
4	1	356	1	0
4	1	357	1	1
4	1	358	0	1
4	1	359	1	0
4	1	360	1	1
4	1	361	1	1
4	1	362	1	1
4	1	363	1	1
4	1	364	1	1
4	1	365	1	0
4	1	366	1	1
4	1	367	1	0
4	1	368	0	0
4	1	369	0	1
4	1	370	1	1
4	1	371	0	1
4	1	372	1	1
4	1	373	0	1
4	1	374	0	0
4	1	375	0	1
4	1	376	0	1
4	1	377	0	0
4	1	378	0	1
4	1	379	0	0
4	1	380	0	1
4	1	381	0	1
4	1	382	1	0
4	1	383	0	0
4	1	384	0	0
4	1	385	0	0
4	1	386	0	0
4	1	387	1	1
4	1	388	1	1
4	1	389	1	0
4	1	390	0	0
4	1	391	1	0
4	1	392	0	1
4	1	393	0	1
4	1	394	1	0
4	1	395	1	1
4	1	396	1	0
4	1	397	1	0
4	1	398	1	1
4	1	399	1	0
4	1	400	1	0
4	2	1	1	1
4	2	2	1	0
4	2	3	1	1
4	2	4	1	1
4	2	5	1	1
4	2	6	1	1
4	2	7	1	1
4	2	8	1	1
4	2	9	1	1
4	2	10	1	1
4	2	11	1	1
4	2	12	1	1
4	2	13	1	1
4	2	14	0	1
4	2	15	0	1
4	2	16	1	1
4	2	17	1	1
4	2	18	1	1
4	2	19	1	1
4	2	20	1	1
4	2	21	1	1
4	2	22	1	1
4	2	23	1	1
4	2	24	1	1
4	2	25	1	1
4	2	26	0	1
4	2	27	1	1
4	2	28	1	1
4	2	29	1	1
4	2	30	1	1
4	2	31	1	1
4	2	32	1	1
4	2	33	0	1
4	2	34	1	1
4	2	35	0	0
4	2	36	1	1
4	2	37	1	1
4	2	38	1	1
4	2	39	0	1
4	2	40	1	1
4	2	41	1	1
4	2	42	1	1
4	2	43	1	1
4	2	44	1	1
4	2	45	1	1
4	2	46	1	1
4	2	47	1	1
4	2	48	1	1
4	2	49	1	1
4	2	50	0	1
4	2	51	0	0
4	2	52	1	1
4	2	53	1	0
4	2	54	0	1
4	2	55	1	1
4	2	56	1	0
4	2	57	1	1
4	2	58	1	1
4	2	59	1	1
4	2	60	1	1
4	2	61	0	1
4	2	62	1	1
4	2	63	1	1
4	2	64	0	1
4	2	65	0	1
4	2	66	1	1
4	2	67	1	1
4	2	68	1	1
4	2	69	0	1
4	2	70	1	0
4	2	71	1	1
4	2	72	1	1
4	2	73	1	1
4	2	74	0	1
4	2	75	1	1
4	2	76	0	1
4	2	77	1	1
4	2	78	0	1
4	2	79	1	1
4	2	80	1	1
4	2	81	1	0
4	2	82	0	1
4	2	83	1	1
4	2	84	0	1
4	2	85	1	1
4	2	86	1	1
4	2	87	1	1
4	2	88	1	1
4	2	89	1	1
4	2	90	1	1
4	2	91	1	1
4	2	92	1	1
4	2	93	1	1
4	2	94	1	1
4	2	95	0	1
4	2	96	1	1
4	2	97	0	1
4	2	98	1	1
4	2	99	1	1
4	2	100	0	1
4	2	101	0	1
4	2	102	0	1
4	2	103	0	1
4	2	104	0	1
4	2	105	0	0
4	2	106	0	1
4	2	107	1	0
4	2	108	1	0
4	2	109	1	1
4	2	110	1	1
4	2	111	1	1
4	2	112	0	1
4	2	113	1	0
4	2	114	1	0
4	2	115	0	1
4	2	116	0	0
4	2	117	0	0
4	2	118	0	1
4	2	119	1	0
4	2	120	0	0
4	2	121	0	0
4	2	122	1	0
4	2	123	0	1
4	2	124	0	1
4	2	125	0	1
4	2	126	0	0
4	2	127	0	0
4	2	128	0	0
4	2	129	0	1
4	2	130	0	0
4	2	131	0	0
4	2	132	0	0
4	2	133	0	0
4	2	134	1	0
4	2	135	1	0
4	2	136	1	0
4	2	137	1	0
4	2	138	1	0
4	2	139	1	1
4	2	140	1	0
4	2	141	1	0
4	2	142	0	1
4	2	143	0	1
4	2	144	0	1
4	2	145	0	1
4	2	146	0	1
4	2	147	0	0
4	2	148	1	0
4	2	149	0	1
4	2	150	1	0
4	2	151	0	0
4	2	152	0	1
4	2	153	1	1
4	2	154	1	0
4	2	155	1	0
4	2	156	1	1
4	2	157	1	0
4	2	158	1	0
4	2	159	1	1
4	2	160	1	1
4	2	161	1	1
4	2	162	1	1
4	2	163	1	1
4	2	164	0	1
4	2	165	1	1
4	2	166	1	1
4	2	167	1	1
4	2	168	1	1
4	2	169	1	1
4	2	170	1	1
4	2	171	1	1
4	2	172	1	1
4	2	173	1	1
4	2	174	0	1
4	2	175	0	1
4	2	176	0	1
4	2	177	0	1
4	2	178	1	1
4	2	179	1	0
4	2	180	0	1
4	2	181	0	1
4	2	182	0	1
4	2	183	1	0
4	2	184	0	0
4	2	185	1	1
4	2	186	1	0
4	2	187	1	0
4	2	188	1	1
4	2	189	1	1
4	2	190	1	1
4	2	191	1	1
4	2	192	1	0
4	2	193	1	0
4	2	194	1	1
4	2	195	1	1
4	2	196	1	1
4	2	197	1	1
4	2	198	1	1
4	2	199	1	1
4	2	200	1	1
4	2	201	1	1
4	2	202	1	1
4	2	203	1	1
4	2	204	1	1
4	2	205	1	1
4	2	206	0	1
4	2	207	0	1
4	2	208	1	1
4	2	209	1	1
4	2	210	1	1
4	2	211	1	1
4	2	212	1	1
4	2	213	1	1
4	2	214	1	1
4	2	215	1	1
4	2	216	1	1
4	2	217	1	1
4	2	218	1	1
4	2	219	1	1
4	2	220	1	1
4	2	221	1	1
4	2	222	1	1
4	2	223	1	1
4	2	224	1	1
4	2	225	1	1
4	2	226	1	1
4	2	227	1	1
4	2	228	1	1
4	2	229	1	1
4	2	230	0	1
4	2	231	1	1
4	2	232	1	1
4	2	233	1	1
4	2	234	1	1
4	2	235	0	1
4	2	236	1	1
4	2	237	1	1
4	2	238	1	1
4	2	239	1	1
4	2	240	0	1
4	2	241	0	1
4	2	242	1	0
4	2	243	0	1
4	2	244	0	1
4	2	245	1	1
4	2	246	1	0
4	2	247	1	1
4	2	248	1	0
4	2	249	1	0
4	2	250	1	1
4	2	251	1	1
4	2	252	1	1
4	2	253	0	1
4	2	254	1	1
4	2	255	0	1
4	2	256	1	1
4	2	257	1	0
4	2	258	1	1
4	2	259	1	1
4	2	260	0	1
4	2	261	1	1
4	2	262	1	0
4	2	263	1	1
4	2	264	1	1
4	2	265	1	1
4	2	266	1	1
4	2	267	1	1
4	2	268	1	1
4	2	269	1	1
4	2	270	1	1
4	2	271	1	1
4	2	272	1	1
4	2	273	0	1
4	2	274	1	1
4	2	275	0	1
4	2	276	1	1
4	2	277	0	1
4	2	278	1	1
4	2	279	1	1
4	2	280	1	1
4	2	281	1	1
4	2	282	1	1
4	2	283	1	1
4	2	284	0	1
4	2	285	0	1
4	2	286	1	1
4	2	287	1	1
4	2	288	1	1
4	2	289	0	1
4	2	290	0	1
4	2	291	1	1
4	2	292	1	1
4	2	293	1	1
4	2	294	1	1
4	2	295	1	1
4	2	296	1	1
4	2	297	1	1
4	2	298	1	1
4	2	299	1	1
4	2	300	1	1
4	2	301	0	1
4	2	302	1	1
4	2	303	1	1
4	2	304	0	1
4	2	305	0	1
4	2	306	0	0
4	2	307	1	1
4	2	308	1	1
4	2	309	1	1
4	2	310	1	1
4	2	311	1	1
4	2	312	1	1
4	2	313	0	1
4	2	314	0	0
4	2	315	0	0
4	2	316	0	1
4	2	317	1	1
4	2	318	0	1
4	2	319	0	1
4	2	320	0	1
4	2	321	0	0
4	2	322	0	0
4	2	323	1	0
4	2	324	1	1
4	2	325	1	0
4	2	326	0	0
4	2	327	0	0
4	2	328	0	0
4	2	329	0	0
4	2	330	0	1
4	2	331	1	0
4	2	332	1	0
4	2	333	1	1
4	2	334	1	1
4	2	335	0	1
4	2	336	0	1
4	2	337	1	0
4	2	338	1	0
4	2	339	1	1
4	2	340	0	1
4	2	341	1	1
4	2	342	1	1
4	2	343	0	1
4	2	344	0	1
4	2	345	0	1
4	2	346	0	0
4	2	347	0	0
4	2	348	0	1
4	2	349	0	0
4	2	350	1	0
4	2	351	1	0
4	2	352	1	0
4	2	353	1	0
4	2	354	1	1
4	2	355	1	1
4	2	356	1	1
4	2	357	1	1
4	2	358	0	1
4	2	359	1	0
4	2	360	1	1
4	2	361	1	1
4	2	362	1	1
4	2	363	1	1
4	2	364	1	1
4	2	365	1	0
4	2	366	1	1
4	2	367	1	0
4	2	368	0	1
4	2	369	0	1
4	2	370	1	1
4	2	371	0	1
4	2	372	1	1
4	2	373	0	1
4	2	374	0	1
4	2	375	0	1
4	2	376	0	1
4	2	377	0	0
4	2	378	0	1
4	2	379	0	0
4	2	380	0	0
4	2	381	0	1
4	2	382	1	0
4	2	383	0	0
4	2	384	0	0
4	2	385	0	0
4	2	386	0	0
4	2	387	1	0
4	2	388	1	1
4	2	389	1	0
4	2	390	0	0
4	2	391	1	0
4	2	392	0	0
4	2	393	0	0
4	2	394	1	0
4	2	395	1	1
4	2	396	1	0
4	2	397	1	0
4	2	398	1	1
4	2	399	1	0
4	2	400	1	0
5	1	1	1	1
5	1	2	1	0
5	1	3	1	1
5	1	4	1	1
5	1	5	1	1
5	1	6	1	1
5	1	7	1	1
5	1	8	1	1
5	1	9	1	1
5	1	10	1	1
5	1	11	1	1
5	1	12	1	0
5	1	13	1	1
5	1	14	0	1
5	1	15	0	1
5	1	16	1	1
5	1	17	1	1
5	1	18	1	1
5	1	19	1	1
5	1	20	1	1
5	1	21	1	1
5	1	22	1	1
5	1	23	1	1
5	1	24	1	1
5	1	25	1	1
5	1	26	0	1
5	1	27	1	1
5	1	28	1	1
5	1	29	1	1
5	1	30	1	1
5	1	31	1	1
5	1	32	1	1
5	1	33	0	1
5	1	34	1	0
5	1	35	0	0
5	1	36	1	1
5	1	37	1	1
5	1	38	1	1
5	1	39	0	1
5	1	40	1	1
5	1	41	1	1
5	1	42	1	1
5	1	43	1	1
5	1	44	1	1
5	1	45	1	1
5	1	46	1	1
5	1	47	1	1
5	1	48	1	1
5	1	49	1	1
5	1	50	0	1
5	1	51	0	0
5	1	52	1	1
5	1	53	1	0
5	1	54	0	1
5	1	55	1	1
5	1	56	1	0
5	1	57	1	1
5	1	58	1	1
5	1	59	1	1
5	1	60	1	1
5	1	61	0	1
5	1	62	1	1
5	1	63	1	1
5	1	64	0	1
5	1	65	0	1
5	1	66	1	1
5	1	67	1	1
5	1	68	1	1
5	1	69	0	1
5	1	70	1	0
5	1	71	1	1
5	1	72	1	1
5	1	73	1	1
5	1	74	0	1
5	1	75	1	1
5	1	76	0	1
5	1	77	1	1
5	1	78	0	1
5	1	79	1	1
5	1	80	1	1
5	1	81	1	1
5	1	82	0	1
5	1	83	1	1
5	1	84	0	1
5	1	85	1	1
5	1	86	1	1
5	1	87	1	1
5	1	88	1	1
5	1	89	1	0
5	1	90	1	1
5	1	91	1	1
5	1	92	1	1
5	1	93	1	1
5	1	94	1	1
5	1	95	0	1
5	1	96	1	1
5	1	97	0	1
5	1	98	1	1
5	1	99	1	1
5	1	100	0	1
5	1	101	0	1
5	1	102	0	1
5	1	103	0	1
5	1	104	0	1
5	1	105	0	0
5	1	106	0	1
5	1	107	1	1
5	1	108	1	0
5	1	109	1	1
5	1	110	1	1
5	1	111	1	1
5	1	112	0	1
5	1	113	1	0
5	1	114	1	0
5	1	115	0	1
5	1	116	0	0
5	1	117	0	0
5	1	118	0	1
5	1	119	1	0
5	1	120	0	1
5	1	121	0	0
5	1	122	1	0
5	1	123	0	1
5	1	124	0	1
5	1	125	0	1
5	1	126	0	0
5	1	127	0	0
5	1	128	0	0
5	1	129	0	1
5	1	130	0	0
5	1	131	0	0
5	1	132	0	0
5	1	133	0	1
5	1	134	1	0
5	1	135	1	0
5	1	136	1	0
5	1	137	1	0
5	1	138	1	0
5	1	139	1	1
5	1	140	1	0
5	1	141	1	0
5	1	142	0	1
5	1	143	0	1
5	1	144	0	1
5	1	145	0	1
5	1	146	0	1
5	1	147	0	0
5	1	148	1	0
5	1	149	0	1
5	1	150	1	1
5	1	151	0	0
5	1	152	0	1
5	1	153	1	1
5	1	154	1	0
5	1	155	1	0
5	1	156	1	1
5	1	157	1	0
5	1	158	1	0
5	1	159	1	1
5	1	160	1	0
5	1	161	1	1
5	1	162	1	1
5	1	163	1	1
5	1	164	0	1
5	1	165	1	1
5	1	166	1	0
5	1	167	1	1
5	1	168	1	1
5	1	169	1	1
5	1	170	1	1
5	1	171	1	1
5	1	172	1	1
5	1	173	1	1
5	1	174	0	1
5	1	175	0	1
5	1	176	0	1
5	1	177	0	1
5	1	178	1	1
5	1	179	1	0
5	1	180	0	1
5	1	181	0	1
5	1	182	0	1
5	1	183	1	0
5	1	184	0	0
5	1	185	1	1
5	1	186	1	0
5	1	187	1	0
5	1	188	1	1
5	1	189	1	1
5	1	190	1	1
5	1	191	1	1
5	1	192	1	0
5	1	193	1	0
5	1	194	1	1
5	1	195	1	1
5	1	196	1	1
5	1	197	1	1
5	1	198	1	0
5	1	199	1	1
5	1	200	1	1
5	1	201	1	1
5	1	202	1	1
5	1	203	1	1
5	1	204	1	1
5	1	205	1	1
5	1	206	0	1
5	1	207	0	1
5	1	208	1	1
5	1	209	1	1
5	1	210	1	1
5	1	211	1	1
5	1	212	1	1
5	1	213	1	1
5	1	214	1	1
5	1	215	1	1
5	1	216	1	1
5	1	217	1	1
5	1	218	1	1
5	1	219	1	1
5	1	220	1	1
5	1	221	1	1
5	1	222	1	1
5	1	223	1	1
5	1	224	1	1
5	1	225	1	1
5	1	226	1	1
5	1	227	1	1
5	1	228	1	1
5	1	229	1	1
5	1	230	0	1
5	1	231	1	1
5	1	232	1	1
5	1	233	1	1
5	1	234	1	1
5	1	235	0	1
5	1	236	1	1
5	1	237	1	1
5	1	238	1	1
5	1	239	1	1
5	1	240	0	1
5	1	241	0	1
5	1	242	1	0
5	1	243	0	1
5	1	244	0	1
5	1	245	1	1
5	1	246	1	0
5	1	247	1	1
5	1	248	1	0
5	1	249	1	0
5	1	250	1	1
5	1	251	1	1
5	1	252	1	1
5	1	253	0	1
5	1	254	1	1
5	1	255	0	1
5	1	256	1	1
5	1	257	1	0
5	1	258	1	1
5	1	259	1	1
5	1	260	0	1
5	1	261	1	1
5	1	262	1	0
5	1	263	1	1
5	1	264	1	1
5	1	265	1	1
5	1	266	1	1
5	1	267	1	1
5	1	268	1	1
5	1	269	1	1
5	1	270	1	1
5	1	271	1	1
5	1	272	1	1
5	1	273	0	1
5	1	274	1	1
5	1	275	0	1
5	1	276	1	1
5	1	277	0	1
5	1	278	1	1
5	1	279	1	1
5	1	280	1	1
5	1	281	1	1
5	1	282	1	1
5	1	283	1	1
5	1	284	0	1
5	1	285	0	1
5	1	286	1	1
5	1	287	1	1
5	1	288	1	1
5	1	289	0	1
5	1	290	0	1
5	1	291	1	1
5	1	292	1	1
5	1	293	1	1
5	1	294	1	1
5	1	295	1	1
5	1	296	1	1
5	1	297	1	1
5	1	298	1	1
5	1	299	1	1
5	1	300	1	1
5	1	301	0	1
5	1	302	1	1
5	1	303	1	1
5	1	304	0	1
5	1	305	0	1
5	1	306	0	0
5	1	307	1	1
5	1	308	1	1
5	1	309	1	1
5	1	310	1	1
5	1	311	1	1
5	1	312	1	1
5	1	313	0	1
5	1	314	0	0
5	1	315	0	0
5	1	316	0	1
5	1	317	1	1
5	1	318	0	1
5	1	319	0	1
5	1	320	0	1
5	1	321	0	1
5	1	322	0	0
5	1	323	1	0
5	1	324	1	1
5	1	325	1	0
5	1	326	0	0
5	1	327	0	1
5	1	328	0	0
5	1	329	0	1
5	1	330	0	1
5	1	331	1	1
5	1	332	1	0
5	1	333	1	1
5	1	334	1	1
5	1	335	0	1
5	1	336	0	1
5	1	337	1	0
5	1	338	1	0
5	1	339	1	1
5	1	340	0	1
5	1	341	1	1
5	1	342	1	1
5	1	343	0	1
5	1	344	0	1
5	1	345	0	1
5	1	346	0	0
5	1	347	0	0
5	1	348	0	1
5	1	349	0	0
5	1	350	1	0
5	1	351	1	0
5	1	352	1	0
5	1	353	1	0
5	1	354	1	1
5	1	355	1	1
5	1	356	1	0
5	1	357	1	1
5	1	358	0	1
5	1	359	1	0
5	1	360	1	1
5	1	361	1	1
5	1	362	1	1
5	1	363	1	1
5	1	364	1	1
5	1	365	1	0
5	1	366	1	1
5	1	367	1	0
5	1	368	0	0
5	1	369	0	1
5	1	370	1	1
5	1	371	0	1
5	1	372	1	1
5	1	373	0	1
5	1	374	0	1
5	1	375	0	1
5	1	376	0	1
5	1	377	0	0
5	1	378	0	1
5	1	379	0	0
5	1	380	0	1
5	1	381	0	1
5	1	382	1	0
5	1	383	0	0
5	1	384	0	0
5	1	385	0	0
5	1	386	0	0
5	1	387	1	0
5	1	388	1	1
5	1	389	1	0
5	1	390	0	0
5	1	391	1	0
5	1	392	0	1
5	1	393	0	1
5	1	394	1	0
5	1	395	1	1
5	1	396	1	0
5	1	397	1	0
5	1	398	1	1
5	1	399	1	0
5	1	400	1	0
5	2	1	1	1
5	2	2	1	0
5	2	3	1	1
5	2	4	1	1
5	2	5	1	1
5	2	6	1	1
5	2	7	1	1
5	2	8	1	1
5	2	9	1	1
5	2	10	1	1
5	2	11	1	1
5	2	12	1	1
5	2	13	1	1
5	2	14	0	1
5	2	15	0	1
5	2	16	1	1
5	2	17	1	1
5	2	18	1	1
5	2	19	1	1
5	2	20	1	1
5	2	21	1	1
5	2	22	1	1
5	2	23	1	1
5	2	24	1	1
5	2	25	1	1
5	2	26	0	1
5	2	27	1	1
5	2	28	1	1
5	2	29	1	1
5	2	30	1	1
5	2	31	1	1
5	2	32	1	1
5	2	33	0	1
5	2	34	1	1
5	2	35	0	1
5	2	36	1	1
5	2	37	1	1
5	2	38	1	1
5	2	39	0	1
5	2	40	1	1
5	2	41	1	1
5	2	42	1	1
5	2	43	1	1
5	2	44	1	1
5	2	45	1	1
5	2	46	1	1
5	2	47	1	1
5	2	48	1	1
5	2	49	1	1
5	2	50	0	1
5	2	51	0	1
5	2	52	1	1
5	2	53	1	1
5	2	54	0	1
5	2	55	1	1
5	2	56	1	1
5	2	57	1	1
5	2	58	1	1
5	2	59	1	1
5	2	60	1	1
5	2	61	0	1
5	2	62	1	1
5	2	63	1	1
5	2	64	0	1
5	2	65	0	1
5	2	66	1	1
5	2	67	1	1
5	2	68	1	1
5	2	69	0	1
5	2	70	1	0
5	2	71	1	1
5	2	72	1	1
5	2	73	1	1
5	2	74	0	1
5	2	75	1	1
5	2	76	0	1
5	2	77	1	1
5	2	78	0	1
5	2	79	1	1
5	2	80	1	1
5	2	81	1	1
5	2	82	0	1
5	2	83	1	1
5	2	84	0	1
5	2	85	1	1
5	2	86	1	1
5	2	87	1	1
5	2	88	1	1
5	2	89	1	1
5	2	90	1	1
5	2	91	1	1
5	2	92	1	1
5	2	93	1	1
5	2	94	1	1
5	2	95	0	1
5	2	96	1	1
5	2	97	0	1
5	2	98	1	1
5	2	99	1	1
5	2	100	0	1
5	2	101	0	1
5	2	102	0	1
5	2	103	0	1
5	2	104	0	1
5	2	105	0	0
5	2	106	0	1
5	2	107	1	0
5	2	108	1	0
5	2	109	1	1
5	2	110	1	1
5	2	111	1	1
5	2	112	0	1
5	2	113	1	0
5	2	114	1	0
5	2	115	0	1
5	2	116	0	0
5	2	117	0	0
5	2	118	0	1
5	2	119	1	0
5	2	120	0	0
5	2	121	0	0
5	2	122	1	0
5	2	123	0	1
5	2	124	0	1
5	2	125	0	1
5	2	126	0	0
5	2	127	0	0
5	2	128	0	0
5	2	129	0	1
5	2	130	0	0
5	2	131	0	0
5	2	132	0	0
5	2	133	0	0
5	2	134	1	0
5	2	135	1	0
5	2	136	1	0
5	2	137	1	0
5	2	138	1	0
5	2	139	1	1
5	2	140	1	0
5	2	141	1	0
5	2	142	0	1
5	2	143	0	1
5	2	144	0	1
5	2	145	0	1
5	2	146	0	1
5	2	147	0	0
5	2	148	1	0
5	2	149	0	1
5	2	150	1	0
5	2	151	0	0
5	2	152	0	1
5	2	153	1	1
5	2	154	1	0
5	2	155	1	0
5	2	156	1	1
5	2	157	1	0
5	2	158	1	0
5	2	159	1	1
5	2	160	1	1
5	2	161	1	1
5	2	162	1	1
5	2	163	1	1
5	2	164	0	1
5	2	165	1	1
5	2	166	1	1
5	2	167	1	1
5	2	168	1	1
5	2	169	1	1
5	2	170	1	1
5	2	171	1	1
5	2	172	1	1
5	2	173	1	1
5	2	174	0	1
5	2	175	0	1
5	2	176	0	1
5	2	177	0	1
5	2	178	1	1
5	2	179	1	0
5	2	180	0	1
5	2	181	0	1
5	2	182	0	1
5	2	183	1	0
5	2	184	0	0
5	2	185	1	1
5	2	186	1	0
5	2	187	1	0
5	2	188	1	1
5	2	189	1	1
5	2	190	1	1
5	2	191	1	1
5	2	192	1	1
5	2	193	1	1
5	2	194	1	1
5	2	195	1	1
5	2	196	1	1
5	2	197	1	1
5	2	198	1	1
5	2	199	1	1
5	2	200	1	1
5	2	201	1	1
5	2	202	1	1
5	2	203	1	1
5	2	204	1	1
5	2	205	1	1
5	2	206	0	1
5	2	207	0	1
5	2	208	1	1
5	2	209	1	1
5	2	210	1	1
5	2	211	1	1
5	2	212	1	1
5	2	213	1	1
5	2	214	1	1
5	2	215	1	1
5	2	216	1	1
5	2	217	1	1
5	2	218	1	1
5	2	219	1	1
5	2	220	1	1
5	2	221	1	1
5	2	222	1	1
5	2	223	1	1
5	2	224	1	1
5	2	225	1	1
5	2	226	1	1
5	2	227	1	1
5	2	228	1	1
5	2	229	1	1
5	2	230	0	1
5	2	231	1	1
5	2	232	1	1
5	2	233	1	1
5	2	234	1	1
5	2	235	0	1
5	2	236	1	1
5	2	237	1	1
5	2	238	1	1
5	2	239	1	1
5	2	240	0	1
5	2	241	0	1
5	2	242	1	0
5	2	243	0	1
5	2	244	0	1
5	2	245	1	1
5	2	246	1	0
5	2	247	1	1
5	2	248	1	0
5	2	249	1	0
5	2	250	1	1
5	2	251	1	1
5	2	252	1	1
5	2	253	0	1
5	2	254	1	1
5	2	255	0	1
5	2	256	1	1
5	2	257	1	0
5	2	258	1	1
5	2	259	1	1
5	2	260	0	1
5	2	261	1	1
5	2	262	1	0
5	2	263	1	1
5	2	264	1	1
5	2	265	1	1
5	2	266	1	1
5	2	267	1	1
5	2	268	1	1
5	2	269	1	1
5	2	270	1	1
5	2	271	1	1
5	2	272	1	1
5	2	273	0	1
5	2	274	1	1
5	2	275	0	1
5	2	276	1	1
5	2	277	0	1
5	2	278	1	1
5	2	279	1	1
5	2	280	1	1
5	2	281	1	1
5	2	282	1	1
5	2	283	1	1
5	2	284	0	1
5	2	285	0	1
5	2	286	1	1
5	2	287	1	1
5	2	288	1	1
5	2	289	0	1
5	2	290	0	1
5	2	291	1	1
5	2	292	1	1
5	2	293	1	1
5	2	294	1	1
5	2	295	1	1
5	2	296	1	1
5	2	297	1	1
5	2	298	1	1
5	2	299	1	1
5	2	300	1	1
5	2	301	0	1
5	2	302	1	1
5	2	303	1	1
5	2	304	0	1
5	2	305	0	1
5	2	306	0	0
5	2	307	1	1
5	2	308	1	1
5	2	309	1	1
5	2	310	1	1
5	2	311	1	1
5	2	312	1	1
5	2	313	0	1
5	2	314	0	0
5	2	315	0	0
5	2	316	0	1
5	2	317	1	1
5	2	318	0	1
5	2	319	0	1
5	2	320	0	1
5	2	321	0	0
5	2	322	0	0
5	2	323	1	0
5	2	324	1	1
5	2	325	1	0
5	2	326	0	0
5	2	327	0	0
5	2	328	0	0
5	2	329	0	0
5	2	330	0	0
5	2	331	1	0
5	2	332	1	0
5	2	333	1	1
5	2	334	1	1
5	2	335	0	1
5	2	336	0	1
5	2	337	1	0
5	2	338	1	0
5	2	339	1	1
5	2	340	0	1
5	2	341	1	1
5	2	342	1	1
5	2	343	0	1
5	2	344	0	1
5	2	345	0	1
5	2	346	0	0
5	2	347	0	0
5	2	348	0	1
5	2	349	0	0
5	2	350	1	0
5	2	351	1	0
5	2	352	1	0
5	2	353	1	0
5	2	354	1	1
5	2	355	1	1
5	2	356	1	1
5	2	357	1	1
5	2	358	0	1
5	2	359	1	0
5	2	360	1	1
5	2	361	1	1
5	2	362	1	1
5	2	363	1	1
5	2	364	1	1
5	2	365	1	0
5	2	366	1	1
5	2	367	1	0
5	2	368	0	1
5	2	369	0	1
5	2	370	1	1
5	2	371	0	1
5	2	372	1	1
5	2	373	0	1
5	2	374	0	1
5	2	375	0	1
5	2	376	0	1
5	2	377	0	0
5	2	378	0	1
5	2	379	0	0
5	2	380	0	0
5	2	381	0	1
5	2	382	1	0
5	2	383	0	0
5	2	384	0	0
5	2	385	0	0
5	2	386	0	0
5	2	387	1	0
5	2	388	1	0
5	2	389	1	0
5	2	390	0	0
5	2	391	1	0
5	2	392	0	0
5	2	393	0	0
5	2	394	1	0
5	2	395	1	0
5	2	396	1	0
5	2	397	1	0
5	2	398	1	1
5	2	399	1	0
5	2	400	1	1
6	1	1	1	1
6	1	2	1	0
6	1	3	1	0
6	1	4	1	1
6	1	5	1	1
6	1	6	1	1
6	1	7	1	1
6	1	8	1	0
6	1	9	1	1
6	1	10	1	1
6	1	11	1	1
6	1	12	1	0
6	1	13	1	1
6	1	14	0	1
6	1	15	0	1
6	1	16	1	1
6	1	17	1	1
6	1	18	1	1
6	1	19	1	1
6	1	20	1	1
6	1	21	1	1
6	1	22	1	1
6	1	23	1	1
6	1	24	1	1
6	1	25	1	1
6	1	26	0	1
6	1	27	1	1
6	1	28	1	1
6	1	29	1	1
6	1	30	1	1
6	1	31	1	1
6	1	32	1	1
6	1	33	0	1
6	1	34	1	0
6	1	35	0	0
6	1	36	1	1
6	1	37	1	1
6	1	38	1	1
6	1	39	0	1
6	1	40	1	1
6	1	41	1	1
6	1	42	1	1
6	1	43	1	1
6	1	44	1	0
6	1	45	1	1
6	1	46	1	1
6	1	47	1	1
6	1	48	1	1
6	1	49	1	1
6	1	50	0	1
6	1	51	0	0
6	1	52	1	1
6	1	53	1	0
6	1	54	0	0
6	1	55	1	1
6	1	56	1	0
6	1	57	1	1
6	1	58	1	1
6	1	59	1	1
6	1	60	1	1
6	1	61	0	1
6	1	62	1	1
6	1	63	1	1
6	1	64	0	1
6	1	65	0	1
6	1	66	1	1
6	1	67	1	1
6	1	68	1	1
6	1	69	0	1
6	1	70	1	0
6	1	71	1	1
6	1	72	1	1
6	1	73	1	1
6	1	74	0	1
6	1	75	1	1
6	1	76	0	1
6	1	77	1	1
6	1	78	0	1
6	1	79	1	1
6	1	80	1	1
6	1	81	1	0
6	1	82	0	1
6	1	83	1	1
6	1	84	0	1
6	1	85	1	1
6	1	86	1	1
6	1	87	1	1
6	1	88	1	1
6	1	89	1	0
6	1	90	1	1
6	1	91	1	1
6	1	92	1	1
6	1	93	1	1
6	1	94	1	1
6	1	95	0	1
6	1	96	1	1
6	1	97	0	1
6	1	98	1	1
6	1	99	1	1
6	1	100	0	1
6	1	101	0	1
6	1	102	0	1
6	1	103	0	1
6	1	104	0	1
6	1	105	0	0
6	1	106	0	1
6	1	107	1	1
6	1	108	1	0
6	1	109	1	1
6	1	110	1	1
6	1	111	1	1
6	1	112	0	1
6	1	113	1	0
6	1	114	1	0
6	1	115	0	1
6	1	116	0	0
6	1	117	0	0
6	1	118	0	1
6	1	119	1	0
6	1	120	0	1
6	1	121	0	0
6	1	122	1	0
6	1	123	0	1
6	1	124	0	1
6	1	125	0	1
6	1	126	0	1
6	1	127	0	0
6	1	128	0	0
6	1	129	0	1
6	1	130	0	0
6	1	131	0	0
6	1	132	0	1
6	1	133	0	1
6	1	134	1	1
6	1	135	1	0
6	1	136	1	1
6	1	137	1	0
6	1	138	1	0
6	1	139	1	1
6	1	140	1	0
6	1	141	1	0
6	1	142	0	1
6	1	143	0	1
6	1	144	0	1
6	1	145	0	1
6	1	146	0	1
6	1	147	0	0
6	1	148	1	0
6	1	149	0	1
6	1	150	1	1
6	1	151	0	0
6	1	152	0	1
6	1	153	1	1
6	1	154	1	0
6	1	155	1	0
6	1	156	1	1
6	1	157	1	0
6	1	158	1	0
6	1	159	1	1
6	1	160	1	0
6	1	161	1	1
6	1	162	1	0
6	1	163	1	0
6	1	164	0	1
6	1	165	1	1
6	1	166	1	0
6	1	167	1	1
6	1	168	1	1
6	1	169	1	1
6	1	170	1	1
6	1	171	1	1
6	1	172	1	1
6	1	173	1	1
6	1	174	0	1
6	1	175	0	1
6	1	176	0	1
6	1	177	0	0
6	1	178	1	1
6	1	179	1	0
6	1	180	0	1
6	1	181	0	1
6	1	182	0	1
6	1	183	1	0
6	1	184	0	0
6	1	185	1	1
6	1	186	1	0
6	1	187	1	0
6	1	188	1	1
6	1	189	1	1
6	1	190	1	1
6	1	191	1	1
6	1	192	1	0
6	1	193	1	0
6	1	194	1	1
6	1	195	1	1
6	1	196	1	1
6	1	197	1	1
6	1	198	1	0
6	1	199	1	0
6	1	200	1	1
6	1	201	1	1
6	1	202	1	1
6	1	203	1	1
6	1	204	1	0
6	1	205	1	1
6	1	206	0	1
6	1	207	0	1
6	1	208	1	1
6	1	209	1	1
6	1	210	1	1
6	1	211	1	1
6	1	212	1	1
6	1	213	1	1
6	1	214	1	1
6	1	215	1	1
6	1	216	1	1
6	1	217	1	1
6	1	218	1	1
6	1	219	1	1
6	1	220	1	1
6	1	221	1	1
6	1	222	1	1
6	1	223	1	1
6	1	224	1	1
6	1	225	1	1
6	1	226	1	1
6	1	227	1	0
6	1	228	1	1
6	1	229	1	1
6	1	230	0	1
6	1	231	1	1
6	1	232	1	1
6	1	233	1	1
6	1	234	1	1
6	1	235	0	1
6	1	236	1	1
6	1	237	1	1
6	1	238	1	1
6	1	239	1	1
6	1	240	0	1
6	1	241	0	0
6	1	242	1	0
6	1	243	0	0
6	1	244	0	1
6	1	245	1	1
6	1	246	1	0
6	1	247	1	1
6	1	248	1	0
6	1	249	1	0
6	1	250	1	0
6	1	251	1	1
6	1	252	1	1
6	1	253	0	1
6	1	254	1	1
6	1	255	0	1
6	1	256	1	1
6	1	257	1	0
6	1	258	1	1
6	1	259	1	1
6	1	260	0	1
6	1	261	1	1
6	1	262	1	0
6	1	263	1	1
6	1	264	1	1
6	1	265	1	0
6	1	266	1	1
6	1	267	1	1
6	1	268	1	1
6	1	269	1	1
6	1	270	1	1
6	1	271	1	1
6	1	272	1	1
6	1	273	0	1
6	1	274	1	0
6	1	275	0	1
6	1	276	1	1
6	1	277	0	1
6	1	278	1	1
6	1	279	1	1
6	1	280	1	1
6	1	281	1	0
6	1	282	1	1
6	1	283	1	1
6	1	284	0	1
6	1	285	0	1
6	1	286	1	1
6	1	287	1	1
6	1	288	1	1
6	1	289	0	1
6	1	290	0	1
6	1	291	1	1
6	1	292	1	1
6	1	293	1	0
6	1	294	1	1
6	1	295	1	1
6	1	296	1	1
6	1	297	1	1
6	1	298	1	1
6	1	299	1	1
6	1	300	1	1
6	1	301	0	1
6	1	302	1	1
6	1	303	1	1
6	1	304	0	1
6	1	305	0	1
6	1	306	0	0
6	1	307	1	1
6	1	308	1	1
6	1	309	1	0
6	1	310	1	1
6	1	311	1	1
6	1	312	1	1
6	1	313	0	1
6	1	314	0	0
6	1	315	0	0
6	1	316	0	1
6	1	317	1	1
6	1	318	0	1
6	1	319	0	1
6	1	320	0	1
6	1	321	0	1
6	1	322	0	0
6	1	323	1	0
6	1	324	1	1
6	1	325	1	0
6	1	326	0	0
6	1	327	0	1
6	1	328	0	0
6	1	329	0	1
6	1	330	0	1
6	1	331	1	1
6	1	332	1	0
6	1	333	1	1
6	1	334	1	1
6	1	335	0	1
6	1	336	0	1
6	1	337	1	0
6	1	338	1	0
6	1	339	1	1
6	1	340	0	1
6	1	341	1	1
6	1	342	1	1
6	1	343	0	1
6	1	344	0	1
6	1	345	0	1
6	1	346	0	0
6	1	347	0	0
6	1	348	0	1
6	1	349	0	1
6	1	350	1	0
6	1	351	1	0
6	1	352	1	0
6	1	353	1	0
6	1	354	1	1
6	1	355	1	1
6	1	356	1	0
6	1	357	1	1
6	1	358	0	1
6	1	359	1	0
6	1	360	1	1
6	1	361	1	1
6	1	362	1	1
6	1	363	1	1
6	1	364	1	1
6	1	365	1	0
6	1	366	1	1
6	1	367	1	0
6	1	368	0	0
6	1	369	0	1
6	1	370	1	1
6	1	371	0	1
6	1	372	1	1
6	1	373	0	1
6	1	374	0	0
6	1	375	0	1
6	1	376	0	1
6	1	377	0	0
6	1	378	0	1
6	1	379	0	0
6	1	380	0	1
6	1	381	0	1
6	1	382	1	0
6	1	383	0	0
6	1	384	0	0
6	1	385	0	0
6	1	386	0	0
6	1	387	1	1
6	1	388	1	1
6	1	389	1	0
6	1	390	0	0
6	1	391	1	0
6	1	392	0	1
6	1	393	0	1
6	1	394	1	0
6	1	395	1	1
6	1	396	1	0
6	1	397	1	0
6	1	398	1	1
6	1	399	1	0
6	1	400	1	0
6	2	1	1	1
6	2	2	1	0
6	2	3	1	1
6	2	4	1	1
6	2	5	1	1
6	2	6	1	1
6	2	7	1	1
6	2	8	1	1
6	2	9	1	1
6	2	10	1	1
6	2	11	1	1
6	2	12	1	1
6	2	13	1	1
6	2	14	0	1
6	2	15	0	1
6	2	16	1	1
6	2	17	1	1
6	2	18	1	1
6	2	19	1	1
6	2	20	1	1
6	2	21	1	1
6	2	22	1	1
6	2	23	1	1
6	2	24	1	1
6	2	25	1	1
6	2	26	0	1
6	2	27	1	1
6	2	28	1	1
6	2	29	1	1
6	2	30	1	1
6	2	31	1	1
6	2	32	1	1
6	2	33	0	1
6	2	34	1	1
6	2	35	0	1
6	2	36	1	1
6	2	37	1	1
6	2	38	1	1
6	2	39	0	1
6	2	40	1	1
6	2	41	1	1
6	2	42	1	1
6	2	43	1	1
6	2	44	1	1
6	2	45	1	1
6	2	46	1	1
6	2	47	1	1
6	2	48	1	1
6	2	49	1	1
6	2	50	0	1
6	2	51	0	1
6	2	52	1	1
6	2	53	1	1
6	2	54	0	1
6	2	55	1	1
6	2	56	1	1
6	2	57	1	1
6	2	58	1	1
6	2	59	1	1
6	2	60	1	1
6	2	61	0	1
6	2	62	1	1
6	2	63	1	1
6	2	64	0	1
6	2	65	0	1
6	2	66	1	1
6	2	67	1	1
6	2	68	1	1
6	2	69	0	1
6	2	70	1	0
6	2	71	1	1
6	2	72	1	1
6	2	73	1	1
6	2	74	0	1
6	2	75	1	1
6	2	76	0	1
6	2	77	1	1
6	2	78	0	1
6	2	79	1	1
6	2	80	1	1
6	2	81	1	1
6	2	82	0	1
6	2	83	1	1
6	2	84	0	1
6	2	85	1	1
6	2	86	1	1
6	2	87	1	1
6	2	88	1	1
6	2	89	1	1
6	2	90	1	1
6	2	91	1	1
6	2	92	1	1
6	2	93	1	1
6	2	94	1	1
6	2	95	0	1
6	2	96	1	1
6	2	97	0	1
6	2	98	1	1
6	2	99	1	1
6	2	100	0	1
6	2	101	0	1
6	2	102	0	1
6	2	103	0	1
6	2	104	0	1
6	2	105	0	0
6	2	106	0	1
6	2	107	1	1
6	2	108	1	1
6	2	109	1	1
6	2	110	1	1
6	2	111	1	1
6	2	112	0	1
6	2	113	1	0
6	2	114	1	1
6	2	115	0	1
6	2	116	0	0
6	2	117	0	1
6	2	118	0	1
6	2	119	1	0
6	2	120	0	1
6	2	121	0	0
6	2	122	1	0
6	2	123	0	1
6	2	124	0	1
6	2	125	0	1
6	2	126	0	1
6	2	127	0	0
6	2	128	0	0
6	2	129	0	1
6	2	130	0	0
6	2	131	0	0
6	2	132	0	1
6	2	133	0	1
6	2	134	1	0
6	2	135	1	0
6	2	136	1	0
6	2	137	1	0
6	2	138	1	0
6	2	139	1	1
6	2	140	1	0
6	2	141	1	0
6	2	142	0	1
6	2	143	0	1
6	2	144	0	1
6	2	145	0	1
6	2	146	0	1
6	2	147	0	0
6	2	148	1	0
6	2	149	0	1
6	2	150	1	1
6	2	151	0	0
6	2	152	0	1
6	2	153	1	1
6	2	154	1	0
6	2	155	1	0
6	2	156	1	1
6	2	157	1	0
6	2	158	1	0
6	2	159	1	1
6	2	160	1	0
6	2	161	1	1
6	2	162	1	1
6	2	163	1	1
6	2	164	0	1
6	2	165	1	1
6	2	166	1	0
6	2	167	1	1
6	2	168	1	1
6	2	169	1	1
6	2	170	1	1
6	2	171	1	1
6	2	172	1	1
6	2	173	1	1
6	2	174	0	1
6	2	175	0	1
6	2	176	0	1
6	2	177	0	1
6	2	178	1	1
6	2	179	1	0
6	2	180	0	1
6	2	181	0	1
6	2	182	0	1
6	2	183	1	0
6	2	184	0	0
6	2	185	1	1
6	2	186	1	1
6	2	187	1	0
6	2	188	1	1
6	2	189	1	1
6	2	190	1	1
6	2	191	1	1
6	2	192	1	0
6	2	193	1	0
6	2	194	1	1
6	2	195	1	1
6	2	196	1	1
6	2	197	1	1
6	2	198	1	1
6	2	199	1	1
6	2	200	1	1
6	2	201	1	1
6	2	202	1	1
6	2	203	1	1
6	2	204	1	1
6	2	205	1	1
6	2	206	0	1
6	2	207	0	1
6	2	208	1	1
6	2	209	1	1
6	2	210	1	1
6	2	211	1	1
6	2	212	1	1
6	2	213	1	1
6	2	214	1	1
6	2	215	1	1
6	2	216	1	1
6	2	217	1	1
6	2	218	1	1
6	2	219	1	1
6	2	220	1	1
6	2	221	1	1
6	2	222	1	1
6	2	223	1	1
6	2	224	1	1
6	2	225	1	1
6	2	226	1	1
6	2	227	1	1
6	2	228	1	1
6	2	229	1	1
6	2	230	0	1
6	2	231	1	1
6	2	232	1	1
6	2	233	1	1
6	2	234	1	1
6	2	235	0	1
6	2	236	1	1
6	2	237	1	1
6	2	238	1	1
6	2	239	1	1
6	2	240	0	1
6	2	241	0	1
6	2	242	1	1
6	2	243	0	1
6	2	244	0	1
6	2	245	1	1
6	2	246	1	1
6	2	247	1	1
6	2	248	1	1
6	2	249	1	1
6	2	250	1	1
6	2	251	1	1
6	2	252	1	1
6	2	253	0	1
6	2	254	1	1
6	2	255	0	1
6	2	256	1	1
6	2	257	1	1
6	2	258	1	1
6	2	259	1	1
6	2	260	0	1
6	2	261	1	1
6	2	262	1	0
6	2	263	1	1
6	2	264	1	1
6	2	265	1	1
6	2	266	1	1
6	2	267	1	1
6	2	268	1	1
6	2	269	1	1
6	2	270	1	1
6	2	271	1	1
6	2	272	1	1
6	2	273	0	1
6	2	274	1	1
6	2	275	0	1
6	2	276	1	1
6	2	277	0	1
6	2	278	1	1
6	2	279	1	1
6	2	280	1	1
6	2	281	1	1
6	2	282	1	1
6	2	283	1	1
6	2	284	0	1
6	2	285	0	1
6	2	286	1	1
6	2	287	1	1
6	2	288	1	1
6	2	289	0	1
6	2	290	0	1
6	2	291	1	1
6	2	292	1	1
6	2	293	1	1
6	2	294	1	1
6	2	295	1	1
6	2	296	1	1
6	2	297	1	1
6	2	298	1	1
6	2	299	1	1
6	2	300	1	1
6	2	301	0	1
6	2	302	1	1
6	2	303	1	1
6	2	304	0	1
6	2	305	0	1
6	2	306	0	0
6	2	307	1	1
6	2	308	1	1
6	2	309	1	1
6	2	310	1	1
6	2	311	1	1
6	2	312	1	1
6	2	313	0	1
6	2	314	0	0
6	2	315	0	1
6	2	316	0	1
6	2	317	1	1
6	2	318	0	1
6	2	319	0	1
6	2	320	0	1
6	2	321	0	1
6	2	322	0	1
6	2	323	1	1
6	2	324	1	1
6	2	325	1	0
6	2	326	0	1
6	2	327	0	1
6	2	328	0	1
6	2	329	0	1
6	2	330	0	1
6	2	331	1	1
6	2	332	1	0
6	2	333	1	1
6	2	334	1	1
6	2	335	0	1
6	2	336	0	1
6	2	337	1	0
6	2	338	1	0
6	2	339	1	1
6	2	340	0	1
6	2	341	1	1
6	2	342	1	1
6	2	343	0	1
6	2	344	0	1
6	2	345	0	1
6	2	346	0	0
6	2	347	0	0
6	2	348	0	1
6	2	349	0	1
6	2	350	1	0
6	2	351	1	0
6	2	352	1	0
6	2	353	1	0
6	2	354	1	1
6	2	355	1	1
6	2	356	1	1
6	2	357	1	1
6	2	358	0	1
6	2	359	1	0
6	2	360	1	1
6	2	361	1	1
6	2	362	1	1
6	2	363	1	1
6	2	364	1	1
6	2	365	1	0
6	2	366	1	1
6	2	367	1	0
6	2	368	0	1
6	2	369	0	1
6	2	370	1	1
6	2	371	0	1
6	2	372	1	1
6	2	373	0	1
6	2	374	0	1
6	2	375	0	1
6	2	376	0	1
6	2	377	0	0
6	2	378	0	1
6	2	379	0	0
6	2	380	0	1
6	2	381	0	1
6	2	382	1	0
6	2	383	0	0
6	2	384	0	0
6	2	385	0	0
6	2	386	0	0
6	2	387	1	0
6	2	388	1	1
6	2	389	1	0
6	2	390	0	0
6	2	391	1	0
6	2	392	0	1
6	2	393	0	1
6	2	394	1	0
6	2	395	1	1
6	2	396	1	0
6	2	397	1	0
6	2	398	1	1
6	2	399	1	0
6	2	400	1	0
7	1	1	1	1
7	1	2	1	0
7	1	3	1	1
7	1	4	1	1
7	1	5	1	1
7	1	6	1	1
7	1	7	1	1
7	1	8	1	1
7	1	9	1	1
7	1	10	1	1
7	1	11	1	1
7	1	12	1	1
7	1	13	1	1
7	1	14	0	1
7	1	15	0	1
7	1	16	1	1
7	1	17	1	1
7	1	18	1	1
7	1	19	1	1
7	1	20	1	1
7	1	21	1	1
7	1	22	1	1
7	1	23	1	1
7	1	24	1	1
7	1	25	1	1
7	1	26	0	1
7	1	27	1	1
7	1	28	1	1
7	1	29	1	1
7	1	30	1	1
7	1	31	1	1
7	1	32	1	1
7	1	33	0	1
7	1	34	1	1
7	1	35	0	1
7	1	36	1	1
7	1	37	1	1
7	1	38	1	1
7	1	39	0	1
7	1	40	1	1
7	1	41	1	1
7	1	42	1	1
7	1	43	1	1
7	1	44	1	1
7	1	45	1	1
7	1	46	1	1
7	1	47	1	1
7	1	48	1	1
7	1	49	1	1
7	1	50	0	1
7	1	51	0	1
7	1	52	1	1
7	1	53	1	1
7	1	54	0	1
7	1	55	1	1
7	1	56	1	1
7	1	57	1	1
7	1	58	1	1
7	1	59	1	1
7	1	60	1	1
7	1	61	0	1
7	1	62	1	1
7	1	63	1	1
7	1	64	0	1
7	1	65	0	1
7	1	66	1	1
7	1	67	1	1
7	1	68	1	1
7	1	69	0	1
7	1	70	1	0
7	1	71	1	1
7	1	72	1	1
7	1	73	1	1
7	1	74	0	1
7	1	75	1	1
7	1	76	0	1
7	1	77	1	1
7	1	78	0	1
7	1	79	1	1
7	1	80	1	1
7	1	81	1	1
7	1	82	0	1
7	1	83	1	1
7	1	84	0	1
7	1	85	1	1
7	1	86	1	1
7	1	87	1	1
7	1	88	1	1
7	1	89	1	1
7	1	90	1	1
7	1	91	1	1
7	1	92	1	1
7	1	93	1	1
7	1	94	1	1
7	1	95	0	1
7	1	96	1	1
7	1	97	0	1
7	1	98	1	1
7	1	99	1	1
7	1	100	0	1
7	1	101	0	1
7	1	102	0	1
7	1	103	0	1
7	1	104	0	1
7	1	105	0	1
7	1	106	0	1
7	1	107	1	1
7	1	108	1	1
7	1	109	1	1
7	1	110	1	1
7	1	111	1	1
7	1	112	0	1
7	1	113	1	1
7	1	114	1	1
7	1	115	0	1
7	1	116	0	1
7	1	117	0	1
7	1	118	0	1
7	1	119	1	1
7	1	120	0	1
7	1	121	0	1
7	1	122	1	0
7	1	123	0	1
7	1	124	0	1
7	1	125	0	1
7	1	126	0	1
7	1	127	0	1
7	1	128	0	0
7	1	129	0	1
7	1	130	0	1
7	1	131	0	1
7	1	132	0	1
7	1	133	0	1
7	1	134	1	1
7	1	135	1	0
7	1	136	1	1
7	1	137	1	1
7	1	138	1	1
7	1	139	1	1
7	1	140	1	0
7	1	141	1	0
7	1	142	0	1
7	1	143	0	1
7	1	144	0	1
7	1	145	0	1
7	1	146	0	1
7	1	147	0	1
7	1	148	1	1
7	1	149	0	1
7	1	150	1	1
7	1	151	0	0
7	1	152	0	1
7	1	153	1	1
7	1	154	1	1
7	1	155	1	0
7	1	156	1	1
7	1	157	1	1
7	1	158	1	0
7	1	159	1	1
7	1	160	1	1
7	1	161	1	1
7	1	162	1	1
7	1	163	1	1
7	1	164	0	1
7	1	165	1	1
7	1	166	1	0
7	1	167	1	1
7	1	168	1	1
7	1	169	1	1
7	1	170	1	1
7	1	171	1	1
7	1	172	1	1
7	1	173	1	1
7	1	174	0	1
7	1	175	0	1
7	1	176	0	1
7	1	177	0	1
7	1	178	1	1
7	1	179	1	0
7	1	180	0	1
7	1	181	0	1
7	1	182	0	1
7	1	183	1	0
7	1	184	0	0
7	1	185	1	1
7	1	186	1	1
7	1	187	1	0
7	1	188	1	1
7	1	189	1	1
7	1	190	1	1
7	1	191	1	1
7	1	192	1	0
7	1	193	1	0
7	1	194	1	1
7	1	195	1	1
7	1	196	1	1
7	1	197	1	1
7	1	198	1	0
7	1	199	1	0
7	1	200	1	1
7	1	201	1	1
7	1	202	1	1
7	1	203	1	1
7	1	204	1	1
7	1	205	1	1
7	1	206	0	1
7	1	207	0	1
7	1	208	1	1
7	1	209	1	1
7	1	210	1	1
7	1	211	1	1
7	1	212	1	1
7	1	213	1	1
7	1	214	1	1
7	1	215	1	1
7	1	216	1	1
7	1	217	1	1
7	1	218	1	1
7	1	219	1	1
7	1	220	1	1
7	1	221	1	1
7	1	222	1	1
7	1	223	1	1
7	1	224	1	1
7	1	225	1	1
7	1	226	1	1
7	1	227	1	0
7	1	228	1	1
7	1	229	1	1
7	1	230	0	1
7	1	231	1	1
7	1	232	1	1
7	1	233	1	1
7	1	234	1	1
7	1	235	0	1
7	1	236	1	1
7	1	237	1	1
7	1	238	1	1
7	1	239	1	1
7	1	240	0	1
7	1	241	0	1
7	1	242	1	0
7	1	243	0	1
7	1	244	0	1
7	1	245	1	1
7	1	246	1	1
7	1	247	1	1
7	1	248	1	0
7	1	249	1	0
7	1	250	1	1
7	1	251	1	1
7	1	252	1	1
7	1	253	0	1
7	1	254	1	1
7	1	255	0	1
7	1	256	1	1
7	1	257	1	1
7	1	258	1	1
7	1	259	1	1
7	1	260	0	1
7	1	261	1	1
7	1	262	1	0
7	1	263	1	1
7	1	264	1	1
7	1	265	1	1
7	1	266	1	1
7	1	267	1	1
7	1	268	1	1
7	1	269	1	1
7	1	270	1	1
7	1	271	1	1
7	1	272	1	1
7	1	273	0	1
7	1	274	1	1
7	1	275	0	1
7	1	276	1	1
7	1	277	0	1
7	1	278	1	1
7	1	279	1	1
7	1	280	1	1
7	1	281	1	1
7	1	282	1	1
7	1	283	1	1
7	1	284	0	1
7	1	285	0	1
7	1	286	1	1
7	1	287	1	1
7	1	288	1	1
7	1	289	0	1
7	1	290	0	1
7	1	291	1	1
7	1	292	1	1
7	1	293	1	1
7	1	294	1	1
7	1	295	1	1
7	1	296	1	1
7	1	297	1	1
7	1	298	1	1
7	1	299	1	1
7	1	300	1	1
7	1	301	0	1
7	1	302	1	1
7	1	303	1	1
7	1	304	0	1
7	1	305	0	1
7	1	306	0	0
7	1	307	1	1
7	1	308	1	1
7	1	309	1	1
7	1	310	1	1
7	1	311	1	1
7	1	312	1	1
7	1	313	0	1
7	1	314	0	0
7	1	315	0	1
7	1	316	0	1
7	1	317	1	1
7	1	318	0	1
7	1	319	0	1
7	1	320	0	1
7	1	321	0	1
7	1	322	0	1
7	1	323	1	1
7	1	324	1	1
7	1	325	1	0
7	1	326	0	1
7	1	327	0	1
7	1	328	0	1
7	1	329	0	1
7	1	330	0	1
7	1	331	1	1
7	1	332	1	1
7	1	333	1	1
7	1	334	1	1
7	1	335	0	1
7	1	336	0	1
7	1	337	1	1
7	1	338	1	1
7	1	339	1	1
7	1	340	0	1
7	1	341	1	1
7	1	342	1	1
7	1	343	0	1
7	1	344	0	1
7	1	345	0	1
7	1	346	0	1
7	1	347	0	1
7	1	348	0	1
7	1	349	0	1
7	1	350	1	1
7	1	351	1	1
7	1	352	1	0
7	1	353	1	1
7	1	354	1	1
7	1	355	1	1
7	1	356	1	1
7	1	357	1	1
7	1	358	0	1
7	1	359	1	0
7	1	360	1	1
7	1	361	1	1
7	1	362	1	1
7	1	363	1	1
7	1	364	1	1
7	1	365	1	0
7	1	366	1	1
7	1	367	1	0
7	1	368	0	0
7	1	369	0	1
7	1	370	1	1
7	1	371	0	1
7	1	372	1	1
7	1	373	0	1
7	1	374	0	1
7	1	375	0	1
7	1	376	0	1
7	1	377	0	0
7	1	378	0	1
7	1	379	0	1
7	1	380	0	1
7	1	381	0	1
7	1	382	1	1
7	1	383	0	1
7	1	384	0	0
7	1	385	0	1
7	1	386	0	0
7	1	387	1	1
7	1	388	1	1
7	1	389	1	0
7	1	390	0	0
7	1	391	1	0
7	1	392	0	1
7	1	393	0	1
7	1	394	1	0
7	1	395	1	1
7	1	396	1	0
7	1	397	1	0
7	1	398	1	1
7	1	399	1	1
7	1	400	1	1
7	2	1	1	1
7	2	2	1	0
7	2	3	1	0
7	2	4	1	1
7	2	5	1	1
7	2	6	1	1
7	2	7	1	1
7	2	8	1	1
7	2	9	1	1
7	2	10	1	1
7	2	11	1	1
7	2	12	1	0
7	2	13	1	1
7	2	14	0	1
7	2	15	0	1
7	2	16	1	1
7	2	17	1	1
7	2	18	1	1
7	2	19	1	1
7	2	20	1	1
7	2	21	1	1
7	2	22	1	1
7	2	23	1	1
7	2	24	1	1
7	2	25	1	1
7	2	26	0	1
7	2	27	1	1
7	2	28	1	1
7	2	29	1	1
7	2	30	1	1
7	2	31	1	1
7	2	32	1	1
7	2	33	0	1
7	2	34	1	0
7	2	35	0	0
7	2	36	1	1
7	2	37	1	1
7	2	38	1	1
7	2	39	0	1
7	2	40	1	1
7	2	41	1	1
7	2	42	1	1
7	2	43	1	1
7	2	44	1	0
7	2	45	1	1
7	2	46	1	1
7	2	47	1	1
7	2	48	1	1
7	2	49	1	1
7	2	50	0	1
7	2	51	0	0
7	2	52	1	1
7	2	53	1	0
7	2	54	0	0
7	2	55	1	1
7	2	56	1	0
7	2	57	1	1
7	2	58	1	1
7	2	59	1	1
7	2	60	1	1
7	2	61	0	1
7	2	62	1	1
7	2	63	1	1
7	2	64	0	1
7	2	65	0	1
7	2	66	1	1
7	2	67	1	1
7	2	68	1	1
7	2	69	0	1
7	2	70	1	0
7	2	71	1	1
7	2	72	1	1
7	2	73	1	1
7	2	74	0	1
7	2	75	1	1
7	2	76	0	1
7	2	77	1	1
7	2	78	0	1
7	2	79	1	1
7	2	80	1	1
7	2	81	1	0
7	2	82	0	1
7	2	83	1	1
7	2	84	0	1
7	2	85	1	1
7	2	86	1	1
7	2	87	1	1
7	2	88	1	1
7	2	89	1	0
7	2	90	1	1
7	2	91	1	1
7	2	92	1	1
7	2	93	1	1
7	2	94	1	1
7	2	95	0	1
7	2	96	1	1
7	2	97	0	1
7	2	98	1	1
7	2	99	1	1
7	2	100	0	1
7	2	101	0	1
7	2	102	0	1
7	2	103	0	1
7	2	104	0	1
7	2	105	0	0
7	2	106	0	1
7	2	107	1	1
7	2	108	1	0
7	2	109	1	1
7	2	110	1	1
7	2	111	1	1
7	2	112	0	1
7	2	113	1	0
7	2	114	1	0
7	2	115	0	1
7	2	116	0	0
7	2	117	0	0
7	2	118	0	1
7	2	119	1	0
7	2	120	0	1
7	2	121	0	0
7	2	122	1	0
7	2	123	0	1
7	2	124	0	1
7	2	125	0	1
7	2	126	0	1
7	2	127	0	0
7	2	128	0	0
7	2	129	0	1
7	2	130	0	0
7	2	131	0	0
7	2	132	0	1
7	2	133	0	1
7	2	134	1	0
7	2	135	1	0
7	2	136	1	1
7	2	137	1	0
7	2	138	1	0
7	2	139	1	1
7	2	140	1	0
7	2	141	1	0
7	2	142	0	1
7	2	143	0	1
7	2	144	0	1
7	2	145	0	1
7	2	146	0	1
7	2	147	0	0
7	2	148	1	0
7	2	149	0	1
7	2	150	1	1
7	2	151	0	0
7	2	152	0	1
7	2	153	1	1
7	2	154	1	0
7	2	155	1	0
7	2	156	1	1
7	2	157	1	0
7	2	158	1	0
7	2	159	1	1
7	2	160	1	0
7	2	161	1	1
7	2	162	1	0
7	2	163	1	1
7	2	164	0	1
7	2	165	1	1
7	2	166	1	0
7	2	167	1	1
7	2	168	1	1
7	2	169	1	1
7	2	170	1	1
7	2	171	1	1
7	2	172	1	1
7	2	173	1	1
7	2	174	0	1
7	2	175	0	1
7	2	176	0	1
7	2	177	0	1
7	2	178	1	1
7	2	179	1	0
7	2	180	0	1
7	2	181	0	1
7	2	182	0	1
7	2	183	1	0
7	2	184	0	0
7	2	185	1	1
7	2	186	1	0
7	2	187	1	0
7	2	188	1	1
7	2	189	1	1
7	2	190	1	1
7	2	191	1	1
7	2	192	1	0
7	2	193	1	0
7	2	194	1	1
7	2	195	1	1
7	2	196	1	1
7	2	197	1	1
7	2	198	1	0
7	2	199	1	0
7	2	200	1	1
7	2	201	1	1
7	2	202	1	1
7	2	203	1	1
7	2	204	1	0
7	2	205	1	1
7	2	206	0	1
7	2	207	0	1
7	2	208	1	1
7	2	209	1	1
7	2	210	1	1
7	2	211	1	1
7	2	212	1	1
7	2	213	1	1
7	2	214	1	1
7	2	215	1	1
7	2	216	1	1
7	2	217	1	1
7	2	218	1	1
7	2	219	1	1
7	2	220	1	1
7	2	221	1	1
7	2	222	1	1
7	2	223	1	1
7	2	224	1	1
7	2	225	1	1
7	2	226	1	1
7	2	227	1	0
7	2	228	1	1
7	2	229	1	1
7	2	230	0	1
7	2	231	1	1
7	2	232	1	1
7	2	233	1	1
7	2	234	1	1
7	2	235	0	1
7	2	236	1	1
7	2	237	1	1
7	2	238	1	1
7	2	239	1	1
7	2	240	0	1
7	2	241	0	0
7	2	242	1	0
7	2	243	0	0
7	2	244	0	1
7	2	245	1	1
7	2	246	1	0
7	2	247	1	1
7	2	248	1	0
7	2	249	1	0
7	2	250	1	1
7	2	251	1	1
7	2	252	1	1
7	2	253	0	1
7	2	254	1	1
7	2	255	0	1
7	2	256	1	1
7	2	257	1	0
7	2	258	1	1
7	2	259	1	1
7	2	260	0	1
7	2	261	1	1
7	2	262	1	0
7	2	263	1	1
7	2	264	1	1
7	2	265	1	1
7	2	266	1	1
7	2	267	1	1
7	2	268	1	1
7	2	269	1	1
7	2	270	1	1
7	2	271	1	1
7	2	272	1	1
7	2	273	0	1
7	2	274	1	0
7	2	275	0	1
7	2	276	1	1
7	2	277	0	1
7	2	278	1	1
7	2	279	1	1
7	2	280	1	1
7	2	281	1	0
7	2	282	1	1
7	2	283	1	1
7	2	284	0	1
7	2	285	0	1
7	2	286	1	1
7	2	287	1	1
7	2	288	1	1
7	2	289	0	1
7	2	290	0	1
7	2	291	1	1
7	2	292	1	1
7	2	293	1	1
7	2	294	1	1
7	2	295	1	1
7	2	296	1	1
7	2	297	1	1
7	2	298	1	1
7	2	299	1	1
7	2	300	1	1
7	2	301	0	1
7	2	302	1	1
7	2	303	1	1
7	2	304	0	1
7	2	305	0	1
7	2	306	0	0
7	2	307	1	1
7	2	308	1	1
7	2	309	1	1
7	2	310	1	1
7	2	311	1	1
7	2	312	1	1
7	2	313	0	1
7	2	314	0	0
7	2	315	0	0
7	2	316	0	1
7	2	317	1	1
7	2	318	0	1
7	2	319	0	1
7	2	320	0	1
7	2	321	0	1
7	2	322	0	0
7	2	323	1	0
7	2	324	1	1
7	2	325	1	0
7	2	326	0	0
7	2	327	0	1
7	2	328	0	0
7	2	329	0	1
7	2	330	0	1
7	2	331	1	1
7	2	332	1	0
7	2	333	1	1
7	2	334	1	1
7	2	335	0	1
7	2	336	0	1
7	2	337	1	0
7	2	338	1	0
7	2	339	1	1
7	2	340	0	1
7	2	341	1	1
7	2	342	1	1
7	2	343	0	1
7	2	344	0	1
7	2	345	0	1
7	2	346	0	0
7	2	347	0	0
7	2	348	0	1
7	2	349	0	1
7	2	350	1	0
7	2	351	1	0
7	2	352	1	0
7	2	353	1	0
7	2	354	1	1
7	2	355	1	1
7	2	356	1	0
7	2	357	1	1
7	2	358	0	1
7	2	359	1	0
7	2	360	1	1
7	2	361	1	1
7	2	362	1	1
7	2	363	1	1
7	2	364	1	1
7	2	365	1	0
7	2	366	1	1
7	2	367	1	0
7	2	368	0	0
7	2	369	0	1
7	2	370	1	1
7	2	371	0	1
7	2	372	1	1
7	2	373	0	1
7	2	374	0	0
7	2	375	0	1
7	2	376	0	1
7	2	377	0	0
7	2	378	0	1
7	2	379	0	0
7	2	380	0	1
7	2	381	0	1
7	2	382	1	0
7	2	383	0	0
7	2	384	0	0
7	2	385	0	0
7	2	386	0	0
7	2	387	1	1
7	2	388	1	1
7	2	389	1	0
7	2	390	0	0
7	2	391	1	0
7	2	392	0	1
7	2	393	0	1
7	2	394	1	0
7	2	395	1	1
7	2	396	1	0
7	2	397	1	0
7	2	398	1	1
7	2	399	1	0
7	2	400	1	0
8	1	1	1	1
8	1	2	1	0
8	1	3	1	0
8	1	4	1	0
8	1	5	1	1
8	1	6	1	1
8	1	7	1	1
8	1	8	1	0
8	1	9	1	1
8	1	10	1	0
8	1	11	1	1
8	1	12	1	0
8	1	13	1	0
8	1	14	0	1
8	1	15	0	1
8	1	16	1	1
8	1	17	1	1
8	1	18	1	1
8	1	19	1	1
8	1	20	1	1
8	1	21	1	1
8	1	22	1	1
8	1	23	1	1
8	1	24	1	1
8	1	25	1	1
8	1	26	0	0
8	1	27	1	1
8	1	28	1	1
8	1	29	1	1
8	1	30	1	1
8	1	31	1	1
8	1	32	1	1
8	1	33	0	1
8	1	34	1	0
8	1	35	0	0
8	1	36	1	0
8	1	37	1	1
8	1	38	1	1
8	1	39	0	0
8	1	40	1	1
8	1	41	1	1
8	1	42	1	1
8	1	43	1	1
8	1	44	1	0
8	1	45	1	1
8	1	46	1	0
8	1	47	1	1
8	1	48	1	1
8	1	49	1	1
8	1	50	0	1
8	1	51	0	0
8	1	52	1	0
8	1	53	1	0
8	1	54	0	0
8	1	55	1	1
8	1	56	1	0
8	1	57	1	1
8	1	58	1	1
8	1	59	1	1
8	1	60	1	1
8	1	61	0	1
8	1	62	1	1
8	1	63	1	0
8	1	64	0	1
8	1	65	0	1
8	1	66	1	1
8	1	67	1	1
8	1	68	1	0
8	1	69	0	1
8	1	70	1	0
8	1	71	1	0
8	1	72	1	1
8	1	73	1	1
8	1	74	0	0
8	1	75	1	0
8	1	76	0	0
8	1	77	1	0
8	1	78	0	1
8	1	79	1	1
8	1	80	1	1
8	1	81	1	0
8	1	82	0	1
8	1	83	1	1
8	1	84	0	1
8	1	85	1	1
8	1	86	1	1
8	1	87	1	0
8	1	88	1	0
8	1	89	1	0
8	1	90	1	1
8	1	91	1	1
8	1	92	1	0
8	1	93	1	0
8	1	94	1	1
8	1	95	0	0
8	1	96	1	1
8	1	97	0	1
8	1	98	1	1
8	1	99	1	1
8	1	100	0	1
8	1	101	0	1
8	1	102	0	0
8	1	103	0	1
8	1	104	0	1
8	1	105	0	0
8	1	106	0	1
8	1	107	1	1
8	1	108	1	0
8	1	109	1	1
8	1	110	1	1
8	1	111	1	1
8	1	112	0	1
8	1	113	1	0
8	1	114	1	0
8	1	115	0	0
8	1	116	0	0
8	1	117	0	0
8	1	118	0	1
8	1	119	1	0
8	1	120	0	1
8	1	121	0	0
8	1	122	1	0
8	1	123	0	1
8	1	124	0	1
8	1	125	0	1
8	1	126	0	1
8	1	127	0	0
8	1	128	0	0
8	1	129	0	1
8	1	130	0	1
8	1	131	0	1
8	1	132	0	1
8	1	133	0	1
8	1	134	1	1
8	1	135	1	0
8	1	136	1	1
8	1	137	1	1
8	1	138	1	0
8	1	139	1	1
8	1	140	1	0
8	1	141	1	0
8	1	142	0	1
8	1	143	0	1
8	1	144	0	1
8	1	145	0	1
8	1	146	0	1
8	1	147	0	0
8	1	148	1	1
8	1	149	0	1
8	1	150	1	1
8	1	151	0	0
8	1	152	0	1
8	1	153	1	1
8	1	154	1	1
8	1	155	1	0
8	1	156	1	1
8	1	157	1	0
8	1	158	1	0
8	1	159	1	1
8	1	160	1	0
8	1	161	1	1
8	1	162	1	0
8	1	163	1	0
8	1	164	0	1
8	1	165	1	1
8	1	166	1	0
8	1	167	1	1
8	1	168	1	1
8	1	169	1	1
8	1	170	1	0
8	1	171	1	0
8	1	172	1	1
8	1	173	1	1
8	1	174	0	1
8	1	175	0	0
8	1	176	0	1
8	1	177	0	0
8	1	178	1	1
8	1	179	1	0
8	1	180	0	1
8	1	181	0	1
8	1	182	0	1
8	1	183	1	0
8	1	184	0	0
8	1	185	1	1
8	1	186	1	0
8	1	187	1	0
8	1	188	1	0
8	1	189	1	1
8	1	190	1	1
8	1	191	1	1
8	1	192	1	0
8	1	193	1	0
8	1	194	1	0
8	1	195	1	1
8	1	196	1	1
8	1	197	1	0
8	1	198	1	0
8	1	199	1	0
8	1	200	1	0
8	1	201	1	0
8	1	202	1	1
8	1	203	1	1
8	1	204	1	0
8	1	205	1	0
8	1	206	0	1
8	1	207	0	1
8	1	208	1	0
8	1	209	1	1
8	1	210	1	1
8	1	211	1	1
8	1	212	1	0
8	1	213	1	0
8	1	214	1	1
8	1	215	1	0
8	1	216	1	1
8	1	217	1	1
8	1	218	1	0
8	1	219	1	0
8	1	220	1	0
8	1	221	1	0
8	1	222	1	1
8	1	223	1	1
8	1	224	1	1
8	1	225	1	1
8	1	226	1	1
8	1	227	1	0
8	1	228	1	1
8	1	229	1	0
8	1	230	0	0
8	1	231	1	0
8	1	232	1	1
8	1	233	1	1
8	1	234	1	1
8	1	235	0	1
8	1	236	1	0
8	1	237	1	1
8	1	238	1	1
8	1	239	1	0
8	1	240	0	1
8	1	241	0	0
8	1	242	1	0
8	1	243	0	0
8	1	244	0	1
8	1	245	1	1
8	1	246	1	0
8	1	247	1	1
8	1	248	1	0
8	1	249	1	0
8	1	250	1	0
8	1	251	1	1
8	1	252	1	1
8	1	253	0	0
8	1	254	1	1
8	1	255	0	1
8	1	256	1	1
8	1	257	1	0
8	1	258	1	0
8	1	259	1	1
8	1	260	0	1
8	1	261	1	0
8	1	262	1	0
8	1	263	1	1
8	1	264	1	1
8	1	265	1	0
8	1	266	1	0
8	1	267	1	0
8	1	268	1	0
8	1	269	1	1
8	1	270	1	1
8	1	271	1	0
8	1	272	1	0
8	1	273	0	0
8	1	274	1	0
8	1	275	0	1
8	1	276	1	1
8	1	277	0	0
8	1	278	1	0
8	1	279	1	0
8	1	280	1	0
8	1	281	1	0
8	1	282	1	1
8	1	283	1	1
8	1	284	0	1
8	1	285	0	1
8	1	286	1	1
8	1	287	1	1
8	1	288	1	1
8	1	289	0	1
8	1	290	0	1
8	1	291	1	1
8	1	292	1	1
8	1	293	1	0
8	1	294	1	1
8	1	295	1	1
8	1	296	1	1
8	1	297	1	0
8	1	298	1	1
8	1	299	1	0
8	1	300	1	1
8	1	301	0	1
8	1	302	1	1
8	1	303	1	1
8	1	304	0	0
8	1	305	0	0
8	1	306	0	0
8	1	307	1	1
8	1	308	1	1
8	1	309	1	0
8	1	310	1	1
8	1	311	1	1
8	1	312	1	1
8	1	313	0	1
8	1	314	0	0
8	1	315	0	0
8	1	316	0	0
8	1	317	1	1
8	1	318	0	1
8	1	319	0	1
8	1	320	0	1
8	1	321	0	1
8	1	322	0	0
8	1	323	1	0
8	1	324	1	1
8	1	325	1	0
8	1	326	0	0
8	1	327	0	1
8	1	328	0	0
8	1	329	0	1
8	1	330	0	1
8	1	331	1	1
8	1	332	1	0
8	1	333	1	1
8	1	334	1	1
8	1	335	0	1
8	1	336	0	1
8	1	337	1	0
8	1	338	1	0
8	1	339	1	1
8	1	340	0	1
8	1	341	1	1
8	1	342	1	1
8	1	343	0	1
8	1	344	0	1
8	1	345	0	1
8	1	346	0	0
8	1	347	0	0
8	1	348	0	1
8	1	349	0	1
8	1	350	1	0
8	1	351	1	1
8	1	352	1	0
8	1	353	1	0
8	1	354	1	1
8	1	355	1	1
8	1	356	1	0
8	1	357	1	1
8	1	358	0	0
8	1	359	1	0
8	1	360	1	0
8	1	361	1	1
8	1	362	1	0
8	1	363	1	1
8	1	364	1	1
8	1	365	1	0
8	1	366	1	1
8	1	367	1	0
8	1	368	0	0
8	1	369	0	1
8	1	370	1	1
8	1	371	0	1
8	1	372	1	1
8	1	373	0	1
8	1	374	0	0
8	1	375	0	1
8	1	376	0	1
8	1	377	0	0
8	1	378	0	1
8	1	379	0	0
8	1	380	0	1
8	1	381	0	1
8	1	382	1	0
8	1	383	0	0
8	1	384	0	0
8	1	385	0	0
8	1	386	0	0
8	1	387	1	1
8	1	388	1	1
8	1	389	1	0
8	1	390	0	0
8	1	391	1	0
8	1	392	0	1
8	1	393	0	1
8	1	394	1	0
8	1	395	1	1
8	1	396	1	0
8	1	397	1	0
8	1	398	1	1
8	1	399	1	0
8	1	400	1	0
8	2	1	1	1
8	2	2	1	0
8	2	3	1	1
8	2	4	1	1
8	2	5	1	1
8	2	6	1	1
8	2	7	1	1
8	2	8	1	1
8	2	9	1	1
8	2	10	1	1
8	2	11	1	1
8	2	12	1	1
8	2	13	1	1
8	2	14	0	1
8	2	15	0	1
8	2	16	1	1
8	2	17	1	1
8	2	18	1	1
8	2	19	1	1
8	2	20	1	1
8	2	21	1	1
8	2	22	1	1
8	2	23	1	1
8	2	24	1	1
8	2	25	1	1
8	2	26	0	1
8	2	27	1	1
8	2	28	1	1
8	2	29	1	1
8	2	30	1	1
8	2	31	1	1
8	2	32	1	1
8	2	33	0	1
8	2	34	1	0
8	2	35	0	0
8	2	36	1	0
8	2	37	1	1
8	2	38	1	1
8	2	39	0	1
8	2	40	1	1
8	2	41	1	1
8	2	42	1	1
8	2	43	1	1
8	2	44	1	1
8	2	45	1	1
8	2	46	1	1
8	2	47	1	1
8	2	48	1	1
8	2	49	1	1
8	2	50	0	1
8	2	51	0	0
8	2	52	1	0
8	2	53	1	0
8	2	54	0	0
8	2	55	1	0
8	2	56	1	0
8	2	57	1	1
8	2	58	1	1
8	2	59	1	1
8	2	60	1	1
8	2	61	0	1
8	2	62	1	1
8	2	63	1	1
8	2	64	0	1
8	2	65	0	1
8	2	66	1	0
8	2	67	1	1
8	2	68	1	1
8	2	69	0	1
8	2	70	1	0
8	2	71	1	1
8	2	72	1	1
8	2	73	1	1
8	2	74	0	1
8	2	75	1	1
8	2	76	0	1
8	2	77	1	0
8	2	78	0	1
8	2	79	1	1
8	2	80	1	1
8	2	81	1	1
8	2	82	0	1
8	2	83	1	1
8	2	84	0	1
8	2	85	1	1
8	2	86	1	1
8	2	87	1	1
8	2	88	1	1
8	2	89	1	1
8	2	90	1	1
8	2	91	1	1
8	2	92	1	1
8	2	93	1	1
8	2	94	1	1
8	2	95	0	1
8	2	96	1	1
8	2	97	0	1
8	2	98	1	1
8	2	99	1	1
8	2	100	0	1
8	2	101	0	1
8	2	102	0	0
8	2	103	0	0
8	2	104	0	0
8	2	105	0	0
8	2	106	0	0
8	2	107	1	0
8	2	108	1	0
8	2	109	1	1
8	2	110	1	1
8	2	111	1	1
8	2	112	0	1
8	2	113	1	0
8	2	114	1	1
8	2	115	0	1
8	2	116	0	0
8	2	117	0	0
8	2	118	0	0
8	2	119	1	0
8	2	120	0	0
8	2	121	0	0
8	2	122	1	0
8	2	123	0	1
8	2	124	0	1
8	2	125	0	0
8	2	126	0	0
8	2	127	0	0
8	2	128	0	0
8	2	129	0	1
8	2	130	0	0
8	2	131	0	0
8	2	132	0	0
8	2	133	0	0
8	2	134	1	0
8	2	135	1	0
8	2	136	1	1
8	2	137	1	1
8	2	138	1	1
8	2	139	1	1
8	2	140	1	1
8	2	141	1	1
8	2	142	0	1
8	2	143	0	1
8	2	144	0	1
8	2	145	0	0
8	2	146	0	1
8	2	147	0	0
8	2	148	1	0
8	2	149	0	1
8	2	150	1	0
8	2	151	0	0
8	2	152	0	0
8	2	153	1	0
8	2	154	1	0
8	2	155	1	0
8	2	156	1	1
8	2	157	1	1
8	2	158	1	1
8	2	159	1	1
8	2	160	1	1
8	2	161	1	1
8	2	162	1	1
8	2	163	1	1
8	2	164	0	1
8	2	165	1	1
8	2	166	1	1
8	2	167	1	1
8	2	168	1	1
8	2	169	1	1
8	2	170	1	1
8	2	171	1	1
8	2	172	1	1
8	2	173	1	1
8	2	174	0	1
8	2	175	0	1
8	2	176	0	1
8	2	177	0	0
8	2	178	1	0
8	2	179	1	0
8	2	180	0	1
8	2	181	0	1
8	2	182	0	1
8	2	183	1	0
8	2	184	0	0
8	2	185	1	0
8	2	186	1	0
8	2	187	1	0
8	2	188	1	1
8	2	189	1	1
8	2	190	1	1
8	2	191	1	1
8	2	192	1	1
8	2	193	1	1
8	2	194	1	1
8	2	195	1	1
8	2	196	1	1
8	2	197	1	1
8	2	198	1	1
8	2	199	1	1
8	2	200	1	1
8	2	201	1	1
8	2	202	1	1
8	2	203	1	1
8	2	204	1	1
8	2	205	1	1
8	2	206	0	1
8	2	207	0	1
8	2	208	1	0
8	2	209	1	1
8	2	210	1	1
8	2	211	1	1
8	2	212	1	1
8	2	213	1	1
8	2	214	1	1
8	2	215	1	1
8	2	216	1	1
8	2	217	1	1
8	2	218	1	1
8	2	219	1	1
8	2	220	1	1
8	2	221	1	1
8	2	222	1	1
8	2	223	1	1
8	2	224	1	1
8	2	225	1	1
8	2	226	1	1
8	2	227	1	1
8	2	228	1	1
8	2	229	1	1
8	2	230	0	1
8	2	231	1	1
8	2	232	1	1
8	2	233	1	1
8	2	234	1	1
8	2	235	0	1
8	2	236	1	1
8	2	237	1	1
8	2	238	1	1
8	2	239	1	1
8	2	240	0	1
8	2	241	0	0
8	2	242	1	0
8	2	243	0	0
8	2	244	0	0
8	2	245	1	1
8	2	246	1	0
8	2	247	1	1
8	2	248	1	0
8	2	249	1	0
8	2	250	1	1
8	2	251	1	1
8	2	252	1	1
8	2	253	0	1
8	2	254	1	1
8	2	255	0	1
8	2	256	1	1
8	2	257	1	0
8	2	258	1	1
8	2	259	1	1
8	2	260	0	1
8	2	261	1	1
8	2	262	1	0
8	2	263	1	1
8	2	264	1	1
8	2	265	1	1
8	2	266	1	1
8	2	267	1	1
8	2	268	1	1
8	2	269	1	1
8	2	270	1	1
8	2	271	1	1
8	2	272	1	1
8	2	273	0	1
8	2	274	1	0
8	2	275	0	1
8	2	276	1	1
8	2	277	0	1
8	2	278	1	0
8	2	279	1	1
8	2	280	1	1
8	2	281	1	1
8	2	282	1	1
8	2	283	1	1
8	2	284	0	1
8	2	285	0	1
8	2	286	1	1
8	2	287	1	1
8	2	288	1	1
8	2	289	0	1
8	2	290	0	1
8	2	291	1	1
8	2	292	1	1
8	2	293	1	1
8	2	294	1	1
8	2	295	1	1
8	2	296	1	1
8	2	297	1	1
8	2	298	1	1
8	2	299	1	1
8	2	300	1	1
8	2	301	0	1
8	2	302	1	1
8	2	303	1	1
8	2	304	0	1
8	2	305	0	0
8	2	306	0	0
8	2	307	1	0
8	2	308	1	1
8	2	309	1	0
8	2	310	1	1
8	2	311	1	1
8	2	312	1	1
8	2	313	0	1
8	2	314	0	0
8	2	315	0	0
8	2	316	0	0
8	2	317	1	0
8	2	318	0	1
8	2	319	0	1
8	2	320	0	0
8	2	321	0	0
8	2	322	0	0
8	2	323	1	0
8	2	324	1	0
8	2	325	1	0
8	2	326	0	1
8	2	327	0	0
8	2	328	0	0
8	2	329	0	0
8	2	330	0	0
8	2	331	1	0
8	2	332	1	0
8	2	333	1	1
8	2	334	1	1
8	2	335	0	1
8	2	336	0	1
8	2	337	1	0
8	2	338	1	0
8	2	339	1	1
8	2	340	0	1
8	2	341	1	1
8	2	342	1	1
8	2	343	0	1
8	2	344	0	1
8	2	345	0	0
8	2	346	0	0
8	2	347	0	0
8	2	348	0	0
8	2	349	0	0
8	2	350	1	0
8	2	351	1	0
8	2	352	1	0
8	2	353	1	1
8	2	354	1	1
8	2	355	1	1
8	2	356	1	1
8	2	357	1	1
8	2	358	0	1
8	2	359	1	0
8	2	360	1	1
8	2	361	1	1
8	2	362	1	1
8	2	363	1	1
8	2	364	1	1
8	2	365	1	1
8	2	366	1	1
8	2	367	1	1
8	2	368	0	1
8	2	369	0	1
8	2	370	1	1
8	2	371	0	1
8	2	372	1	1
8	2	373	0	1
8	2	374	0	0
8	2	375	0	1
8	2	376	0	0
8	2	377	0	0
8	2	378	0	1
8	2	379	0	0
8	2	380	0	0
8	2	381	0	0
8	2	382	1	0
8	2	383	0	0
8	2	384	0	0
8	2	385	0	0
8	2	386	0	0
8	2	387	1	0
8	2	388	1	1
8	2	389	1	0
8	2	390	0	1
8	2	391	1	0
8	2	392	0	1
8	2	393	0	1
8	2	394	1	0
8	2	395	1	1
8	2	396	1	0
8	2	397	1	1
8	2	398	1	1
8	2	399	1	1
8	2	400	1	1
9	1	1	1	1
9	1	2	1	0
9	1	3	1	0
9	1	4	1	0
9	1	5	1	1
9	1	6	1	1
9	1	7	1	1
9	1	8	1	0
9	1	9	1	1
9	1	10	1	0
9	1	11	1	1
9	1	12	1	0
9	1	13	1	0
9	1	14	0	1
9	1	15	0	1
9	1	16	1	1
9	1	17	1	1
9	1	18	1	1
9	1	19	1	1
9	1	20	1	1
9	1	21	1	1
9	1	22	1	1
9	1	23	1	1
9	1	24	1	1
9	1	25	1	1
9	1	26	0	0
9	1	27	1	1
9	1	28	1	1
9	1	29	1	1
9	1	30	1	1
9	1	31	1	1
9	1	32	1	1
9	1	33	0	1
9	1	34	1	0
9	1	35	0	0
9	1	36	1	0
9	1	37	1	1
9	1	38	1	1
9	1	39	0	0
9	1	40	1	1
9	1	41	1	1
9	1	42	1	1
9	1	43	1	1
9	1	44	1	0
9	1	45	1	1
9	1	46	1	0
9	1	47	1	1
9	1	48	1	1
9	1	49	1	1
9	1	50	0	1
9	1	51	0	0
9	1	52	1	0
9	1	53	1	0
9	1	54	0	0
9	1	55	1	1
9	1	56	1	0
9	1	57	1	1
9	1	58	1	1
9	1	59	1	1
9	1	60	1	1
9	1	61	0	1
9	1	62	1	1
9	1	63	1	0
9	1	64	0	1
9	1	65	0	1
9	1	66	1	1
9	1	67	1	1
9	1	68	1	0
9	1	69	0	1
9	1	70	1	0
9	1	71	1	0
9	1	72	1	1
9	1	73	1	1
9	1	74	0	0
9	1	75	1	0
9	1	76	0	0
9	1	77	1	0
9	1	78	0	1
9	1	79	1	1
9	1	80	1	1
9	1	81	1	0
9	1	82	0	0
9	1	83	1	1
9	1	84	0	1
9	1	85	1	1
9	1	86	1	1
9	1	87	1	0
9	1	88	1	0
9	1	89	1	0
9	1	90	1	1
9	1	91	1	1
9	1	92	1	0
9	1	93	1	0
9	1	94	1	1
9	1	95	0	0
9	1	96	1	1
9	1	97	0	1
9	1	98	1	1
9	1	99	1	1
9	1	100	0	1
9	1	101	0	1
9	1	102	0	0
9	1	103	0	1
9	1	104	0	1
9	1	105	0	0
9	1	106	0	1
9	1	107	1	1
9	1	108	1	0
9	1	109	1	1
9	1	110	1	1
9	1	111	1	1
9	1	112	0	1
9	1	113	1	0
9	1	114	1	0
9	1	115	0	0
9	1	116	0	0
9	1	117	0	0
9	1	118	0	1
9	1	119	1	0
9	1	120	0	0
9	1	121	0	0
9	1	122	1	0
9	1	123	0	1
9	1	124	0	1
9	1	125	0	1
9	1	126	0	1
9	1	127	0	0
9	1	128	0	0
9	1	129	0	1
9	1	130	0	0
9	1	131	0	1
9	1	132	0	1
9	1	133	0	1
9	1	134	1	1
9	1	135	1	0
9	1	136	1	1
9	1	137	1	0
9	1	138	1	0
9	1	139	1	1
9	1	140	1	0
9	1	141	1	0
9	1	142	0	1
9	1	143	0	1
9	1	144	0	1
9	1	145	0	1
9	1	146	0	1
9	1	147	0	0
9	1	148	1	0
9	1	149	0	1
9	1	150	1	1
9	1	151	0	0
9	1	152	0	1
9	1	153	1	1
9	1	154	1	0
9	1	155	1	0
9	1	156	1	1
9	1	157	1	0
9	1	158	1	0
9	1	159	1	1
9	1	160	1	0
9	1	161	1	1
9	1	162	1	0
9	1	163	1	0
9	1	164	0	1
9	1	165	1	1
9	1	166	1	0
9	1	167	1	1
9	1	168	1	1
9	1	169	1	1
9	1	170	1	0
9	1	171	1	0
9	1	172	1	1
9	1	173	1	1
9	1	174	0	1
9	1	175	0	0
9	1	176	0	1
9	1	177	0	0
9	1	178	1	1
9	1	179	1	0
9	1	180	0	1
9	1	181	0	1
9	1	182	0	1
9	1	183	1	0
9	1	184	0	0
9	1	185	1	1
9	1	186	1	0
9	1	187	1	0
9	1	188	1	0
9	1	189	1	1
9	1	190	1	1
9	1	191	1	1
9	1	192	1	0
9	1	193	1	0
9	1	194	1	0
9	1	195	1	1
9	1	196	1	1
9	1	197	1	0
9	1	198	1	0
9	1	199	1	0
9	1	200	1	0
9	1	201	1	0
9	1	202	1	1
9	1	203	1	1
9	1	204	1	0
9	1	205	1	1
9	1	206	0	1
9	1	207	0	1
9	1	208	1	0
9	1	209	1	1
9	1	210	1	1
9	1	211	1	1
9	1	212	1	0
9	1	213	1	0
9	1	214	1	1
9	1	215	1	0
9	1	216	1	1
9	1	217	1	1
9	1	218	1	0
9	1	219	1	0
9	1	220	1	0
9	1	221	1	0
9	1	222	1	1
9	1	223	1	1
9	1	224	1	1
9	1	225	1	1
9	1	226	1	1
9	1	227	1	0
9	1	228	1	1
9	1	229	1	0
9	1	230	0	1
9	1	231	1	0
9	1	232	1	1
9	1	233	1	1
9	1	234	1	1
9	1	235	0	1
9	1	236	1	0
9	1	237	1	1
9	1	238	1	1
9	1	239	1	0
9	1	240	0	1
9	1	241	0	0
9	1	242	1	0
9	1	243	0	0
9	1	244	0	1
9	1	245	1	1
9	1	246	1	0
9	1	247	1	1
9	1	248	1	0
9	1	249	1	0
9	1	250	1	0
9	1	251	1	1
9	1	252	1	1
9	1	253	0	0
9	1	254	1	1
9	1	255	0	1
9	1	256	1	1
9	1	257	1	0
9	1	258	1	0
9	1	259	1	1
9	1	260	0	1
9	1	261	1	0
9	1	262	1	0
9	1	263	1	1
9	1	264	1	1
9	1	265	1	0
9	1	266	1	0
9	1	267	1	0
9	1	268	1	0
9	1	269	1	1
9	1	270	1	1
9	1	271	1	0
9	1	272	1	0
9	1	273	0	0
9	1	274	1	0
9	1	275	0	1
9	1	276	1	1
9	1	277	0	0
9	1	278	1	0
9	1	279	1	0
9	1	280	1	0
9	1	281	1	0
9	1	282	1	1
9	1	283	1	1
9	1	284	0	1
9	1	285	0	1
9	1	286	1	1
9	1	287	1	1
9	1	288	1	1
9	1	289	0	1
9	1	290	0	1
9	1	291	1	1
9	1	292	1	1
9	1	293	1	0
9	1	294	1	1
9	1	295	1	1
9	1	296	1	1
9	1	297	1	0
9	1	298	1	1
9	1	299	1	1
9	1	300	1	1
9	1	301	0	1
9	1	302	1	1
9	1	303	1	1
9	1	304	0	0
9	1	305	0	0
9	1	306	0	0
9	1	307	1	1
9	1	308	1	1
9	1	309	1	0
9	1	310	1	1
9	1	311	1	1
9	1	312	1	1
9	1	313	0	1
9	1	314	0	0
9	1	315	0	0
9	1	316	0	0
9	1	317	1	1
9	1	318	0	1
9	1	319	0	1
9	1	320	0	1
9	1	321	0	1
9	1	322	0	0
9	1	323	1	0
9	1	324	1	1
9	1	325	1	0
9	1	326	0	0
9	1	327	0	0
9	1	328	0	0
9	1	329	0	1
9	1	330	0	1
9	1	331	1	1
9	1	332	1	0
9	1	333	1	1
9	1	334	1	1
9	1	335	0	1
9	1	336	0	1
9	1	337	1	0
9	1	338	1	0
9	1	339	1	1
9	1	340	0	1
9	1	341	1	1
9	1	342	1	1
9	1	343	0	1
9	1	344	0	1
9	1	345	0	1
9	1	346	0	0
9	1	347	0	0
9	1	348	0	1
9	1	349	0	1
9	1	350	1	0
9	1	351	1	0
9	1	352	1	0
9	1	353	1	0
9	1	354	1	1
9	1	355	1	1
9	1	356	1	0
9	1	357	1	1
9	1	358	0	0
9	1	359	1	0
9	1	360	1	0
9	1	361	1	1
9	1	362	1	0
9	1	363	1	1
9	1	364	1	1
9	1	365	1	0
9	1	366	1	1
9	1	367	1	0
9	1	368	0	0
9	1	369	0	1
9	1	370	1	1
9	1	371	0	1
9	1	372	1	1
9	1	373	0	1
9	1	374	0	0
9	1	375	0	1
9	1	376	0	1
9	1	377	0	0
9	1	378	0	1
9	1	379	0	0
9	1	380	0	1
9	1	381	0	1
9	1	382	1	0
9	1	383	0	0
9	1	384	0	0
9	1	385	0	0
9	1	386	0	0
9	1	387	1	1
9	1	388	1	1
9	1	389	1	0
9	1	390	0	0
9	1	391	1	0
9	1	392	0	1
9	1	393	0	1
9	1	394	1	0
9	1	395	1	1
9	1	396	1	0
9	1	397	1	0
9	1	398	1	1
9	1	399	1	0
9	1	400	1	0
9	2	1	1	1
9	2	2	1	0
9	2	3	1	0
9	2	4	1	1
9	2	5	1	1
9	2	6	1	1
9	2	7	1	1
9	2	8	1	0
9	2	9	1	1
9	2	10	1	1
9	2	11	1	1
9	2	12	1	0
9	2	13	1	1
9	2	14	0	1
9	2	15	0	1
9	2	16	1	1
9	2	17	1	1
9	2	18	1	1
9	2	19	1	1
9	2	20	1	1
9	2	21	1	1
9	2	22	1	1
9	2	23	1	1
9	2	24	1	1
9	2	25	1	1
9	2	26	0	1
9	2	27	1	1
9	2	28	1	1
9	2	29	1	1
9	2	30	1	1
9	2	31	1	1
9	2	32	1	1
9	2	33	0	1
9	2	34	1	0
9	2	35	0	0
9	2	36	1	0
9	2	37	1	1
9	2	38	1	1
9	2	39	0	1
9	2	40	1	1
9	2	41	1	1
9	2	42	1	1
9	2	43	1	1
9	2	44	1	0
9	2	45	1	1
9	2	46	1	1
9	2	47	1	1
9	2	48	1	1
9	2	49	1	1
9	2	50	0	1
9	2	51	0	0
9	2	52	1	1
9	2	53	1	0
9	2	54	0	0
9	2	55	1	1
9	2	56	1	0
9	2	57	1	1
9	2	58	1	1
9	2	59	1	1
9	2	60	1	1
9	2	61	0	1
9	2	62	1	1
9	2	63	1	0
9	2	64	0	1
9	2	65	0	1
9	2	66	1	1
9	2	67	1	1
9	2	68	1	0
9	2	69	0	1
9	2	70	1	0
9	2	71	1	1
9	2	72	1	1
9	2	73	1	1
9	2	74	0	0
9	2	75	1	1
9	2	76	0	1
9	2	77	1	0
9	2	78	0	1
9	2	79	1	1
9	2	80	1	1
9	2	81	1	0
9	2	82	0	1
9	2	83	1	1
9	2	84	0	1
9	2	85	1	1
9	2	86	1	1
9	2	87	1	1
9	2	88	1	1
9	2	89	1	0
9	2	90	1	1
9	2	91	1	1
9	2	92	1	1
9	2	93	1	1
9	2	94	1	1
9	2	95	0	1
9	2	96	1	1
9	2	97	0	1
9	2	98	1	1
9	2	99	1	1
9	2	100	0	1
9	2	101	0	1
9	2	102	0	1
9	2	103	0	1
9	2	104	0	1
9	2	105	0	0
9	2	106	0	1
9	2	107	1	1
9	2	108	1	0
9	2	109	1	1
9	2	110	1	1
9	2	111	1	1
9	2	112	0	1
9	2	113	1	0
9	2	114	1	0
9	2	115	0	1
9	2	116	0	0
9	2	117	0	0
9	2	118	0	1
9	2	119	1	0
9	2	120	0	1
9	2	121	0	0
9	2	122	1	0
9	2	123	0	1
9	2	124	0	1
9	2	125	0	1
9	2	126	0	1
9	2	127	0	0
9	2	128	0	0
9	2	129	0	1
9	2	130	0	1
9	2	131	0	1
9	2	132	0	1
9	2	133	0	1
9	2	134	1	1
9	2	135	1	0
9	2	136	1	1
9	2	137	1	0
9	2	138	1	0
9	2	139	1	1
9	2	140	1	0
9	2	141	1	0
9	2	142	0	1
9	2	143	0	1
9	2	144	0	1
9	2	145	0	1
9	2	146	0	1
9	2	147	0	0
9	2	148	1	0
9	2	149	0	1
9	2	150	1	1
9	2	151	0	0
9	2	152	0	1
9	2	153	1	1
9	2	154	1	0
9	2	155	1	0
9	2	156	1	1
9	2	157	1	0
9	2	158	1	0
9	2	159	1	1
9	2	160	1	0
9	2	161	1	1
9	2	162	1	0
9	2	163	1	0
9	2	164	0	1
9	2	165	1	1
9	2	166	1	0
9	2	167	1	1
9	2	168	1	1
9	2	169	1	1
9	2	170	1	1
9	2	171	1	0
9	2	172	1	1
9	2	173	1	1
9	2	174	0	1
9	2	175	0	0
9	2	176	0	1
9	2	177	0	0
9	2	178	1	1
9	2	179	1	0
9	2	180	0	1
9	2	181	0	1
9	2	182	0	1
9	2	183	1	0
9	2	184	0	0
9	2	185	1	1
9	2	186	1	0
9	2	187	1	0
9	2	188	1	1
9	2	189	1	1
9	2	190	1	1
9	2	191	1	1
9	2	192	1	0
9	2	193	1	0
9	2	194	1	1
9	2	195	1	1
9	2	196	1	1
9	2	197	1	0
9	2	198	1	0
9	2	199	1	0
9	2	200	1	0
9	2	201	1	1
9	2	202	1	1
9	2	203	1	1
9	2	204	1	0
9	2	205	1	1
9	2	206	0	1
9	2	207	0	1
9	2	208	1	1
9	2	209	1	1
9	2	210	1	1
9	2	211	1	1
9	2	212	1	1
9	2	213	1	1
9	2	214	1	1
9	2	215	1	1
9	2	216	1	1
9	2	217	1	1
9	2	218	1	1
9	2	219	1	1
9	2	220	1	0
9	2	221	1	1
9	2	222	1	1
9	2	223	1	1
9	2	224	1	1
9	2	225	1	1
9	2	226	1	1
9	2	227	1	0
9	2	228	1	1
9	2	229	1	0
9	2	230	0	1
9	2	231	1	0
9	2	232	1	1
9	2	233	1	1
9	2	234	1	1
9	2	235	0	1
9	2	236	1	1
9	2	237	1	1
9	2	238	1	1
9	2	239	1	1
9	2	240	0	1
9	2	241	0	0
9	2	242	1	0
9	2	243	0	0
9	2	244	0	1
9	2	245	1	1
9	2	246	1	0
9	2	247	1	1
9	2	248	1	0
9	2	249	1	0
9	2	250	1	0
9	2	251	1	1
9	2	252	1	1
9	2	253	0	0
9	2	254	1	1
9	2	255	0	1
9	2	256	1	1
9	2	257	1	0
9	2	258	1	1
9	2	259	1	1
9	2	260	0	1
9	2	261	1	1
9	2	262	1	0
9	2	263	1	1
9	2	264	1	1
9	2	265	1	0
9	2	266	1	1
9	2	267	1	1
9	2	268	1	1
9	2	269	1	1
9	2	270	1	1
9	2	271	1	0
9	2	272	1	0
9	2	273	0	0
9	2	274	1	0
9	2	275	0	1
9	2	276	1	1
9	2	277	0	0
9	2	278	1	1
9	2	279	1	1
9	2	280	1	0
9	2	281	1	0
9	2	282	1	1
9	2	283	1	1
9	2	284	0	1
9	2	285	0	1
9	2	286	1	1
9	2	287	1	1
9	2	288	1	1
9	2	289	0	1
9	2	290	0	1
9	2	291	1	1
9	2	292	1	1
9	2	293	1	0
9	2	294	1	1
9	2	295	1	1
9	2	296	1	1
9	2	297	1	1
9	2	298	1	1
9	2	299	1	1
9	2	300	1	1
9	2	301	0	1
9	2	302	1	1
9	2	303	1	1
9	2	304	0	1
9	2	305	0	1
9	2	306	0	0
9	2	307	1	1
9	2	308	1	1
9	2	309	1	0
9	2	310	1	1
9	2	311	1	1
9	2	312	1	1
9	2	313	0	1
9	2	314	0	0
9	2	315	0	0
9	2	316	0	1
9	2	317	1	1
9	2	318	0	1
9	2	319	0	1
9	2	320	0	1
9	2	321	0	1
9	2	322	0	0
9	2	323	1	0
9	2	324	1	1
9	2	325	1	0
9	2	326	0	0
9	2	327	0	1
9	2	328	0	1
9	2	329	0	1
9	2	330	0	1
9	2	331	1	1
9	2	332	1	0
9	2	333	1	1
9	2	334	1	1
9	2	335	0	1
9	2	336	0	1
9	2	337	1	0
9	2	338	1	0
9	2	339	1	1
9	2	340	0	1
9	2	341	1	1
9	2	342	1	1
9	2	343	0	1
9	2	344	0	1
9	2	345	0	1
9	2	346	0	0
9	2	347	0	0
9	2	348	0	1
9	2	349	0	1
9	2	350	1	0
9	2	351	1	1
9	2	352	1	0
9	2	353	1	0
9	2	354	1	1
9	2	355	1	1
9	2	356	1	0
9	2	357	1	1
9	2	358	0	1
9	2	359	1	0
9	2	360	1	1
9	2	361	1	1
9	2	362	1	0
9	2	363	1	1
9	2	364	1	1
9	2	365	1	0
9	2	366	1	1
9	2	367	1	0
9	2	368	0	0
9	2	369	0	1
9	2	370	1	1
9	2	371	0	1
9	2	372	1	1
9	2	373	0	1
9	2	374	0	0
9	2	375	0	1
9	2	376	0	1
9	2	377	0	0
9	2	378	0	1
9	2	379	0	0
9	2	380	0	1
9	2	381	0	1
9	2	382	1	0
9	2	383	0	0
9	2	384	0	0
9	2	385	0	0
9	2	386	0	0
9	2	387	1	1
9	2	388	1	1
9	2	389	1	0
9	2	390	0	0
9	2	391	1	0
9	2	392	0	1
9	2	393	0	1
9	2	394	1	0
9	2	395	1	1
9	2	396	1	0
9	2	397	1	0
9	2	398	1	1
9	2	399	1	0
9	2	400	1	0
10	1	1	1	1
10	1	2	1	0
10	1	3	1	1
10	1	4	1	1
10	1	5	1	1
10	1	6	1	1
10	1	7	1	1
10	1	8	1	1
10	1	9	1	1
10	1	10	1	1
10	1	11	1	1
10	1	12	1	1
10	1	13	1	1
10	1	14	0	1
10	1	15	0	1
10	1	16	1	1
10	1	17	1	1
10	1	18	1	1
10	1	19	1	1
10	1	20	1	1
10	1	21	1	1
10	1	22	1	1
10	1	23	1	1
10	1	24	1	1
10	1	25	1	1
10	1	26	0	1
10	1	27	1	1
10	1	28	1	1
10	1	29	1	1
10	1	30	1	1
10	1	31	1	1
10	1	32	1	1
10	1	33	0	1
10	1	34	1	1
10	1	35	0	1
10	1	36	1	1
10	1	37	1	1
10	1	38	1	1
10	1	39	0	1
10	1	40	1	1
10	1	41	1	1
10	1	42	1	1
10	1	43	1	1
10	1	44	1	1
10	1	45	1	1
10	1	46	1	1
10	1	47	1	1
10	1	48	1	1
10	1	49	1	1
10	1	50	0	1
10	1	51	0	1
10	1	52	1	1
10	1	53	1	1
10	1	54	0	1
10	1	55	1	1
10	1	56	1	1
10	1	57	1	1
10	1	58	1	1
10	1	59	1	1
10	1	60	1	1
10	1	61	0	1
10	1	62	1	1
10	1	63	1	1
10	1	64	0	1
10	1	65	0	1
10	1	66	1	1
10	1	67	1	1
10	1	68	1	1
10	1	69	0	1
10	1	70	1	0
10	1	71	1	1
10	1	72	1	1
10	1	73	1	1
10	1	74	0	1
10	1	75	1	1
10	1	76	0	1
10	1	77	1	1
10	1	78	0	1
10	1	79	1	1
10	1	80	1	1
10	1	81	1	1
10	1	82	0	1
10	1	83	1	1
10	1	84	0	1
10	1	85	1	1
10	1	86	1	1
10	1	87	1	1
10	1	88	1	1
10	1	89	1	1
10	1	90	1	1
10	1	91	1	1
10	1	92	1	1
10	1	93	1	1
10	1	94	1	1
10	1	95	0	1
10	1	96	1	1
10	1	97	0	1
10	1	98	1	1
10	1	99	1	1
10	1	100	0	1
10	1	101	0	1
10	1	102	0	1
10	1	103	0	1
10	1	104	0	1
10	1	105	0	0
10	1	106	0	1
10	1	107	1	1
10	1	108	1	0
10	1	109	1	1
10	1	110	1	1
10	1	111	1	1
10	1	112	0	1
10	1	113	1	0
10	1	114	1	0
10	1	115	0	1
10	1	116	0	0
10	1	117	0	0
10	1	118	0	1
10	1	119	1	0
10	1	120	0	1
10	1	121	0	0
10	1	122	1	0
10	1	123	0	1
10	1	124	0	1
10	1	125	0	1
10	1	126	0	0
10	1	127	0	0
10	1	128	0	0
10	1	129	0	1
10	1	130	0	0
10	1	131	0	0
10	1	132	0	0
10	1	133	0	0
10	1	134	1	0
10	1	135	1	0
10	1	136	1	0
10	1	137	1	0
10	1	138	1	0
10	1	139	1	1
10	1	140	1	0
10	1	141	1	0
10	1	142	0	1
10	1	143	0	1
10	1	144	0	1
10	1	145	0	1
10	1	146	0	1
10	1	147	0	0
10	1	148	1	0
10	1	149	0	1
10	1	150	1	0
10	1	151	0	0
10	1	152	0	1
10	1	153	1	1
10	1	154	1	0
10	1	155	1	0
10	1	156	1	1
10	1	157	1	0
10	1	158	1	0
10	1	159	1	1
10	1	160	1	0
10	1	161	1	1
10	1	162	1	1
10	1	163	1	1
10	1	164	0	1
10	1	165	1	1
10	1	166	1	1
10	1	167	1	1
10	1	168	1	1
10	1	169	1	1
10	1	170	1	1
10	1	171	1	1
10	1	172	1	1
10	1	173	1	1
10	1	174	0	1
10	1	175	0	1
10	1	176	0	1
10	1	177	0	1
10	1	178	1	1
10	1	179	1	0
10	1	180	0	1
10	1	181	0	1
10	1	182	0	1
10	1	183	1	0
10	1	184	0	0
10	1	185	1	1
10	1	186	1	1
10	1	187	1	0
10	1	188	1	1
10	1	189	1	1
10	1	190	1	1
10	1	191	1	1
10	1	192	1	1
10	1	193	1	1
10	1	194	1	1
10	1	195	1	1
10	1	196	1	1
10	1	197	1	1
10	1	198	1	1
10	1	199	1	1
10	1	200	1	1
10	1	201	1	1
10	1	202	1	1
10	1	203	1	1
10	1	204	1	1
10	1	205	1	1
10	1	206	0	1
10	1	207	0	1
10	1	208	1	1
10	1	209	1	1
10	1	210	1	1
10	1	211	1	1
10	1	212	1	1
10	1	213	1	1
10	1	214	1	1
10	1	215	1	1
10	1	216	1	1
10	1	217	1	1
10	1	218	1	1
10	1	219	1	1
10	1	220	1	1
10	1	221	1	1
10	1	222	1	1
10	1	223	1	1
10	1	224	1	1
10	1	225	1	1
10	1	226	1	1
10	1	227	1	1
10	1	228	1	1
10	1	229	1	1
10	1	230	0	1
10	1	231	1	1
10	1	232	1	1
10	1	233	1	1
10	1	234	1	1
10	1	235	0	1
10	1	236	1	1
10	1	237	1	1
10	1	238	1	1
10	1	239	1	1
10	1	240	0	1
10	1	241	0	1
10	1	242	1	1
10	1	243	0	1
10	1	244	0	1
10	1	245	1	1
10	1	246	1	1
10	1	247	1	1
10	1	248	1	1
10	1	249	1	1
10	1	250	1	1
10	1	251	1	1
10	1	252	1	1
10	1	253	0	1
10	1	254	1	1
10	1	255	0	1
10	1	256	1	1
10	1	257	1	1
10	1	258	1	1
10	1	259	1	1
10	1	260	0	1
10	1	261	1	1
10	1	262	1	0
10	1	263	1	1
10	1	264	1	1
10	1	265	1	1
10	1	266	1	1
10	1	267	1	1
10	1	268	1	1
10	1	269	1	1
10	1	270	1	1
10	1	271	1	1
10	1	272	1	1
10	1	273	0	1
10	1	274	1	1
10	1	275	0	1
10	1	276	1	1
10	1	277	0	1
10	1	278	1	1
10	1	279	1	1
10	1	280	1	1
10	1	281	1	1
10	1	282	1	1
10	1	283	1	1
10	1	284	0	1
10	1	285	0	1
10	1	286	1	1
10	1	287	1	1
10	1	288	1	1
10	1	289	0	1
10	1	290	0	1
10	1	291	1	1
10	1	292	1	1
10	1	293	1	1
10	1	294	1	1
10	1	295	1	1
10	1	296	1	1
10	1	297	1	1
10	1	298	1	1
10	1	299	1	1
10	1	300	1	1
10	1	301	0	1
10	1	302	1	1
10	1	303	1	1
10	1	304	0	1
10	1	305	0	1
10	1	306	0	0
10	1	307	1	1
10	1	308	1	1
10	1	309	1	1
10	1	310	1	1
10	1	311	1	1
10	1	312	1	1
10	1	313	0	1
10	1	314	0	0
10	1	315	0	1
10	1	316	0	1
10	1	317	1	1
10	1	318	0	1
10	1	319	0	1
10	1	320	0	1
10	1	321	0	1
10	1	322	0	0
10	1	323	1	0
10	1	324	1	1
10	1	325	1	0
10	1	326	0	0
10	1	327	0	1
10	1	328	0	0
10	1	329	0	0
10	1	330	0	1
10	1	331	1	0
10	1	332	1	0
10	1	333	1	1
10	1	334	1	1
10	1	335	0	1
10	1	336	0	1
10	1	337	1	0
10	1	338	1	0
10	1	339	1	1
10	1	340	0	1
10	1	341	1	1
10	1	342	1	1
10	1	343	0	1
10	1	344	0	1
10	1	345	0	1
10	1	346	0	0
10	1	347	0	0
10	1	348	0	1
10	1	349	0	0
10	1	350	1	0
10	1	351	1	0
10	1	352	1	0
10	1	353	1	0
10	1	354	1	1
10	1	355	1	1
10	1	356	1	1
10	1	357	1	1
10	1	358	0	1
10	1	359	1	0
10	1	360	1	1
10	1	361	1	1
10	1	362	1	1
10	1	363	1	1
10	1	364	1	1
10	1	365	1	0
10	1	366	1	1
10	1	367	1	0
10	1	368	0	1
10	1	369	0	1
10	1	370	1	1
10	1	371	0	1
10	1	372	1	1
10	1	373	0	1
10	1	374	0	1
10	1	375	0	1
10	1	376	0	1
10	1	377	0	0
10	1	378	0	1
10	1	379	0	0
10	1	380	0	1
10	1	381	0	1
10	1	382	1	0
10	1	383	0	0
10	1	384	0	0
10	1	385	0	0
10	1	386	0	0
10	1	387	1	0
10	1	388	1	1
10	1	389	1	0
10	1	390	0	0
10	1	391	1	0
10	1	392	0	0
10	1	393	0	0
10	1	394	1	0
10	1	395	1	0
10	1	396	1	0
10	1	397	1	0
10	1	398	1	1
10	1	399	1	0
10	1	400	1	0
10	2	1	1	1
10	2	2	1	0
10	2	3	1	1
10	2	4	1	1
10	2	5	1	1
10	2	6	1	1
10	2	7	1	1
10	2	8	1	1
10	2	9	1	1
10	2	10	1	1
10	2	11	1	1
10	2	12	1	1
10	2	13	1	1
10	2	14	0	1
10	2	15	0	1
10	2	16	1	1
10	2	17	1	1
10	2	18	1	1
10	2	19	1	1
10	2	20	1	1
10	2	21	1	1
10	2	22	1	1
10	2	23	1	1
10	2	24	1	1
10	2	25	1	1
10	2	26	0	1
10	2	27	1	1
10	2	28	1	1
10	2	29	1	1
10	2	30	1	1
10	2	31	1	1
10	2	32	1	1
10	2	33	0	1
10	2	34	1	1
10	2	35	0	1
10	2	36	1	1
10	2	37	1	1
10	2	38	1	1
10	2	39	0	1
10	2	40	1	1
10	2	41	1	1
10	2	42	1	1
10	2	43	1	1
10	2	44	1	1
10	2	45	1	1
10	2	46	1	1
10	2	47	1	1
10	2	48	1	1
10	2	49	1	1
10	2	50	0	1
10	2	51	0	1
10	2	52	1	1
10	2	53	1	0
10	2	54	0	1
10	2	55	1	1
10	2	56	1	0
10	2	57	1	1
10	2	58	1	1
10	2	59	1	1
10	2	60	1	1
10	2	61	0	1
10	2	62	1	1
10	2	63	1	1
10	2	64	0	1
10	2	65	0	1
10	2	66	1	1
10	2	67	1	1
10	2	68	1	1
10	2	69	0	1
10	2	70	1	0
10	2	71	1	1
10	2	72	1	1
10	2	73	1	1
10	2	74	0	1
10	2	75	1	1
10	2	76	0	1
10	2	77	1	1
10	2	78	0	1
10	2	79	1	1
10	2	80	1	1
10	2	81	1	1
10	2	82	0	1
10	2	83	1	1
10	2	84	0	1
10	2	85	1	1
10	2	86	1	1
10	2	87	1	1
10	2	88	1	1
10	2	89	1	1
10	2	90	1	1
10	2	91	1	1
10	2	92	1	1
10	2	93	1	1
10	2	94	1	1
10	2	95	0	1
10	2	96	1	1
10	2	97	0	1
10	2	98	1	1
10	2	99	1	1
10	2	100	0	1
10	2	101	0	1
10	2	102	0	1
10	2	103	0	1
10	2	104	0	0
10	2	105	0	0
10	2	106	0	0
10	2	107	1	0
10	2	108	1	0
10	2	109	1	1
10	2	110	1	1
10	2	111	1	1
10	2	112	0	1
10	2	113	1	0
10	2	114	1	0
10	2	115	0	1
10	2	116	0	0
10	2	117	0	0
10	2	118	0	1
10	2	119	1	0
10	2	120	0	0
10	2	121	0	0
10	2	122	1	0
10	2	123	0	1
10	2	124	0	1
10	2	125	0	0
10	2	126	0	0
10	2	127	0	0
10	2	128	0	0
10	2	129	0	1
10	2	130	0	0
10	2	131	0	0
10	2	132	0	0
10	2	133	0	0
10	2	134	1	0
10	2	135	1	0
10	2	136	1	0
10	2	137	1	0
10	2	138	1	0
10	2	139	1	1
10	2	140	1	0
10	2	141	1	0
10	2	142	0	1
10	2	143	0	1
10	2	144	0	1
10	2	145	0	1
10	2	146	0	1
10	2	147	0	0
10	2	148	1	0
10	2	149	0	1
10	2	150	1	0
10	2	151	0	0
10	2	152	0	0
10	2	153	1	0
10	2	154	1	0
10	2	155	1	0
10	2	156	1	1
10	2	157	1	1
10	2	158	1	1
10	2	159	1	1
10	2	160	1	1
10	2	161	1	1
10	2	162	1	1
10	2	163	1	1
10	2	164	0	1
10	2	165	1	1
10	2	166	1	1
10	2	167	1	1
10	2	168	1	1
10	2	169	1	1
10	2	170	1	1
10	2	171	1	1
10	2	172	1	1
10	2	173	1	1
10	2	174	0	1
10	2	175	0	1
10	2	176	0	1
10	2	177	0	0
10	2	178	1	1
10	2	179	1	0
10	2	180	0	1
10	2	181	0	1
10	2	182	0	1
10	2	183	1	0
10	2	184	0	0
10	2	185	1	1
10	2	186	1	0
10	2	187	1	0
10	2	188	1	1
10	2	189	1	1
10	2	190	1	1
10	2	191	1	1
10	2	192	1	1
10	2	193	1	1
10	2	194	1	1
10	2	195	1	1
10	2	196	1	1
10	2	197	1	1
10	2	198	1	1
10	2	199	1	1
10	2	200	1	1
10	2	201	1	1
10	2	202	1	1
10	2	203	1	1
10	2	204	1	1
10	2	205	1	1
10	2	206	0	1
10	2	207	0	1
10	2	208	1	1
10	2	209	1	1
10	2	210	1	1
10	2	211	1	1
10	2	212	1	1
10	2	213	1	1
10	2	214	1	1
10	2	215	1	1
10	2	216	1	1
10	2	217	1	1
10	2	218	1	1
10	2	219	1	1
10	2	220	1	1
10	2	221	1	1
10	2	222	1	1
10	2	223	1	1
10	2	224	1	1
10	2	225	1	1
10	2	226	1	1
10	2	227	1	1
10	2	228	1	1
10	2	229	1	1
10	2	230	0	1
10	2	231	1	1
10	2	232	1	1
10	2	233	1	1
10	2	234	1	1
10	2	235	0	1
10	2	236	1	1
10	2	237	1	1
10	2	238	1	1
10	2	239	1	1
10	2	240	0	1
10	2	241	0	1
10	2	242	1	0
10	2	243	0	0
10	2	244	0	1
10	2	245	1	1
10	2	246	1	0
10	2	247	1	1
10	2	248	1	0
10	2	249	1	0
10	2	250	1	1
10	2	251	1	1
10	2	252	1	1
10	2	253	0	1
10	2	254	1	1
10	2	255	0	1
10	2	256	1	1
10	2	257	1	0
10	2	258	1	1
10	2	259	1	1
10	2	260	0	1
10	2	261	1	1
10	2	262	1	0
10	2	263	1	1
10	2	264	1	1
10	2	265	1	1
10	2	266	1	1
10	2	267	1	1
10	2	268	1	1
10	2	269	1	1
10	2	270	1	1
10	2	271	1	1
10	2	272	1	1
10	2	273	0	1
10	2	274	1	1
10	2	275	0	1
10	2	276	1	1
10	2	277	0	1
10	2	278	1	1
10	2	279	1	1
10	2	280	1	1
10	2	281	1	1
10	2	282	1	1
10	2	283	1	1
10	2	284	0	1
10	2	285	0	1
10	2	286	1	1
10	2	287	1	1
10	2	288	1	1
10	2	289	0	1
10	2	290	0	1
10	2	291	1	1
10	2	292	1	1
10	2	293	1	1
10	2	294	1	1
10	2	295	1	1
10	2	296	1	1
10	2	297	1	1
10	2	298	1	1
10	2	299	1	1
10	2	300	1	1
10	2	301	0	1
10	2	302	1	1
10	2	303	1	1
10	2	304	0	1
10	2	305	0	1
10	2	306	0	0
10	2	307	1	1
10	2	308	1	1
10	2	309	1	1
10	2	310	1	1
10	2	311	1	1
10	2	312	1	1
10	2	313	0	1
10	2	314	0	0
10	2	315	0	0
10	2	316	0	0
10	2	317	1	0
10	2	318	0	1
10	2	319	0	1
10	2	320	0	0
10	2	321	0	0
10	2	322	0	0
10	2	323	1	0
10	2	324	1	0
10	2	325	1	0
10	2	326	0	0
10	2	327	0	0
10	2	328	0	0
10	2	329	0	0
10	2	330	0	0
10	2	331	1	0
10	2	332	1	0
10	2	333	1	1
10	2	334	1	1
10	2	335	0	1
10	2	336	0	1
10	2	337	1	0
10	2	338	1	0
10	2	339	1	1
10	2	340	0	1
10	2	341	1	1
10	2	342	1	1
10	2	343	0	1
10	2	344	0	1
10	2	345	0	1
10	2	346	0	0
10	2	347	0	0
10	2	348	0	1
10	2	349	0	0
10	2	350	1	0
10	2	351	1	0
10	2	352	1	0
10	2	353	1	0
10	2	354	1	1
10	2	355	1	1
10	2	356	1	1
10	2	357	1	1
10	2	358	0	1
10	2	359	1	0
10	2	360	1	1
10	2	361	1	1
10	2	362	1	1
10	2	363	1	1
10	2	364	1	1
10	2	365	1	1
10	2	366	1	1
10	2	367	1	1
10	2	368	0	1
10	2	369	0	1
10	2	370	1	1
10	2	371	0	1
10	2	372	1	1
10	2	373	0	1
10	2	374	0	0
10	2	375	0	1
10	2	376	0	0
10	2	377	0	0
10	2	378	0	1
10	2	379	0	0
10	2	380	0	0
10	2	381	0	0
10	2	382	1	0
10	2	383	0	0
10	2	384	0	0
10	2	385	0	0
10	2	386	0	0
10	2	387	1	0
10	2	388	1	0
10	2	389	1	0
10	2	390	0	0
10	2	391	1	0
10	2	392	0	1
10	2	393	0	0
10	2	394	1	0
10	2	395	1	1
10	2	396	1	0
10	2	397	1	0
10	2	398	1	1
10	2	399	1	1
10	2	400	1	1
11	1	1	1	1
11	1	2	1	0
11	1	3	1	1
11	1	4	1	1
11	1	5	1	1
11	1	6	1	1
11	1	7	1	1
11	1	8	1	1
11	1	9	1	1
11	1	10	1	1
11	1	11	1	1
11	1	12	1	1
11	1	13	1	1
11	1	14	0	1
11	1	15	0	1
11	1	16	1	1
11	1	17	1	1
11	1	18	1	1
11	1	19	1	1
11	1	20	1	1
11	1	21	1	1
11	1	22	1	1
11	1	23	1	1
11	1	24	1	1
11	1	25	1	1
11	1	26	0	1
11	1	27	1	1
11	1	28	1	1
11	1	29	1	1
11	1	30	1	1
11	1	31	1	1
11	1	32	1	1
11	1	33	0	1
11	1	34	1	1
11	1	35	0	1
11	1	36	1	1
11	1	37	1	1
11	1	38	1	1
11	1	39	0	1
11	1	40	1	1
11	1	41	1	1
11	1	42	1	1
11	1	43	1	1
11	1	44	1	1
11	1	45	1	1
11	1	46	1	1
11	1	47	1	1
11	1	48	1	1
11	1	49	1	1
11	1	50	0	1
11	1	51	0	0
11	1	52	1	1
11	1	53	1	1
11	1	54	0	1
11	1	55	1	1
11	1	56	1	1
11	1	57	1	1
11	1	58	1	1
11	1	59	1	1
11	1	60	1	1
11	1	61	0	1
11	1	62	1	1
11	1	63	1	1
11	1	64	0	1
11	1	65	0	1
11	1	66	1	1
11	1	67	1	1
11	1	68	1	1
11	1	69	0	1
11	1	70	1	0
11	1	71	1	1
11	1	72	1	1
11	1	73	1	1
11	1	74	0	1
11	1	75	1	1
11	1	76	0	1
11	1	77	1	1
11	1	78	0	1
11	1	79	1	1
11	1	80	1	1
11	1	81	1	1
11	1	82	0	1
11	1	83	1	1
11	1	84	0	1
11	1	85	1	1
11	1	86	1	1
11	1	87	1	1
11	1	88	1	1
11	1	89	1	1
11	1	90	1	1
11	1	91	1	1
11	1	92	1	1
11	1	93	1	1
11	1	94	1	1
11	1	95	0	1
11	1	96	1	1
11	1	97	0	1
11	1	98	1	1
11	1	99	1	1
11	1	100	0	1
11	1	101	0	1
11	1	102	0	1
11	1	103	0	1
11	1	104	0	1
11	1	105	0	0
11	1	106	0	1
11	1	107	1	1
11	1	108	1	0
11	1	109	1	1
11	1	110	1	1
11	1	111	1	1
11	1	112	0	1
11	1	113	1	0
11	1	114	1	0
11	1	115	0	1
11	1	116	0	0
11	1	117	0	0
11	1	118	0	1
11	1	119	1	0
11	1	120	0	1
11	1	121	0	0
11	1	122	1	0
11	1	123	0	1
11	1	124	0	1
11	1	125	0	1
11	1	126	0	1
11	1	127	0	0
11	1	128	0	0
11	1	129	0	1
11	1	130	0	0
11	1	131	0	0
11	1	132	0	1
11	1	133	0	1
11	1	134	1	0
11	1	135	1	0
11	1	136	1	1
11	1	137	1	0
11	1	138	1	0
11	1	139	1	1
11	1	140	1	0
11	1	141	1	0
11	1	142	0	1
11	1	143	0	1
11	1	144	0	1
11	1	145	0	1
11	1	146	0	1
11	1	147	0	0
11	1	148	1	0
11	1	149	0	1
11	1	150	1	1
11	1	151	0	0
11	1	152	0	1
11	1	153	1	1
11	1	154	1	0
11	1	155	1	0
11	1	156	1	1
11	1	157	1	0
11	1	158	1	0
11	1	159	1	1
11	1	160	1	0
11	1	161	1	1
11	1	162	1	1
11	1	163	1	1
11	1	164	0	1
11	1	165	1	1
11	1	166	1	0
11	1	167	1	1
11	1	168	1	1
11	1	169	1	1
11	1	170	1	1
11	1	171	1	1
11	1	172	1	1
11	1	173	1	1
11	1	174	0	1
11	1	175	0	1
11	1	176	0	1
11	1	177	0	1
11	1	178	1	1
11	1	179	1	0
11	1	180	0	1
11	1	181	0	1
11	1	182	0	1
11	1	183	1	0
11	1	184	0	0
11	1	185	1	1
11	1	186	1	1
11	1	187	1	0
11	1	188	1	1
11	1	189	1	1
11	1	190	1	1
11	1	191	1	1
11	1	192	1	0
11	1	193	1	0
11	1	194	1	1
11	1	195	1	1
11	1	196	1	1
11	1	197	1	1
11	1	198	1	0
11	1	199	1	1
11	1	200	1	1
11	1	201	1	1
11	1	202	1	1
11	1	203	1	1
11	1	204	1	1
11	1	205	1	1
11	1	206	0	1
11	1	207	0	1
11	1	208	1	1
11	1	209	1	1
11	1	210	1	1
11	1	211	1	1
11	1	212	1	1
11	1	213	1	1
11	1	214	1	1
11	1	215	1	1
11	1	216	1	1
11	1	217	1	1
11	1	218	1	1
11	1	219	1	1
11	1	220	1	1
11	1	221	1	1
11	1	222	1	1
11	1	223	1	1
11	1	224	1	1
11	1	225	1	1
11	1	226	1	1
11	1	227	1	0
11	1	228	1	1
11	1	229	1	1
11	1	230	0	1
11	1	231	1	1
11	1	232	1	1
11	1	233	1	1
11	1	234	1	1
11	1	235	0	1
11	1	236	1	1
11	1	237	1	1
11	1	238	1	1
11	1	239	1	1
11	1	240	0	1
11	1	241	0	1
11	1	242	1	0
11	1	243	0	1
11	1	244	0	1
11	1	245	1	1
11	1	246	1	0
11	1	247	1	1
11	1	248	1	0
11	1	249	1	0
11	1	250	1	1
11	1	251	1	1
11	1	252	1	1
11	1	253	0	1
11	1	254	1	1
11	1	255	0	1
11	1	256	1	1
11	1	257	1	0
11	1	258	1	1
11	1	259	1	1
11	1	260	0	1
11	1	261	1	1
11	1	262	1	0
11	1	263	1	1
11	1	264	1	1
11	1	265	1	1
11	1	266	1	1
11	1	267	1	1
11	1	268	1	1
11	1	269	1	1
11	1	270	1	1
11	1	271	1	1
11	1	272	1	1
11	1	273	0	1
11	1	274	1	1
11	1	275	0	1
11	1	276	1	1
11	1	277	0	1
11	1	278	1	1
11	1	279	1	1
11	1	280	1	1
11	1	281	1	1
11	1	282	1	1
11	1	283	1	1
11	1	284	0	1
11	1	285	0	1
11	1	286	1	1
11	1	287	1	1
11	1	288	1	1
11	1	289	0	1
11	1	290	0	1
11	1	291	1	1
11	1	292	1	1
11	1	293	1	1
11	1	294	1	1
11	1	295	1	1
11	1	296	1	1
11	1	297	1	1
11	1	298	1	1
11	1	299	1	1
11	1	300	1	1
11	1	301	0	1
11	1	302	1	1
11	1	303	1	1
11	1	304	0	1
11	1	305	0	1
11	1	306	0	0
11	1	307	1	1
11	1	308	1	1
11	1	309	1	1
11	1	310	1	1
11	1	311	1	1
11	1	312	1	1
11	1	313	0	1
11	1	314	0	0
11	1	315	0	1
11	1	316	0	1
11	1	317	1	1
11	1	318	0	1
11	1	319	0	1
11	1	320	0	1
11	1	321	0	1
11	1	322	0	0
11	1	323	1	0
11	1	324	1	1
11	1	325	1	0
11	1	326	0	0
11	1	327	0	1
11	1	328	0	1
11	1	329	0	1
11	1	330	0	1
11	1	331	1	1
11	1	332	1	0
11	1	333	1	1
11	1	334	1	1
11	1	335	0	1
11	1	336	0	1
11	1	337	1	0
11	1	338	1	0
11	1	339	1	1
11	1	340	0	1
11	1	341	1	1
11	1	342	1	1
11	1	343	0	1
11	1	344	0	1
11	1	345	0	1
11	1	346	0	0
11	1	347	0	0
11	1	348	0	1
11	1	349	0	1
11	1	350	1	0
11	1	351	1	0
11	1	352	1	0
11	1	353	1	0
11	1	354	1	1
11	1	355	1	1
11	1	356	1	0
11	1	357	1	1
11	1	358	0	1
11	1	359	1	0
11	1	360	1	1
11	1	361	1	1
11	1	362	1	1
11	1	363	1	1
11	1	364	1	1
11	1	365	1	0
11	1	366	1	1
11	1	367	1	0
11	1	368	0	0
11	1	369	0	1
11	1	370	1	1
11	1	371	0	1
11	1	372	1	1
11	1	373	0	1
11	1	374	0	1
11	1	375	0	1
11	1	376	0	1
11	1	377	0	0
11	1	378	0	1
11	1	379	0	0
11	1	380	0	1
11	1	381	0	1
11	1	382	1	0
11	1	383	0	0
11	1	384	0	0
11	1	385	0	0
11	1	386	0	0
11	1	387	1	1
11	1	388	1	1
11	1	389	1	0
11	1	390	0	0
11	1	391	1	0
11	1	392	0	1
11	1	393	0	1
11	1	394	1	0
11	1	395	1	1
11	1	396	1	0
11	1	397	1	0
11	1	398	1	1
11	1	399	1	0
11	1	400	1	0
11	2	1	1	1
11	2	2	1	0
11	2	3	1	0
11	2	4	1	1
11	2	5	1	1
11	2	6	1	1
11	2	7	1	1
11	2	8	1	0
11	2	9	1	1
11	2	10	1	1
11	2	11	1	1
11	2	12	1	0
11	2	13	1	1
11	2	14	0	1
11	2	15	0	1
11	2	16	1	1
11	2	17	1	1
11	2	18	1	1
11	2	19	1	1
11	2	20	1	1
11	2	21	1	1
11	2	22	1	1
11	2	23	1	1
11	2	24	1	1
11	2	25	1	1
11	2	26	0	1
11	2	27	1	1
11	2	28	1	1
11	2	29	1	1
11	2	30	1	1
11	2	31	1	1
11	2	32	1	1
11	2	33	0	1
11	2	34	1	0
11	2	35	0	0
11	2	36	1	0
11	2	37	1	1
11	2	38	1	1
11	2	39	0	1
11	2	40	1	1
11	2	41	1	1
11	2	42	1	1
11	2	43	1	1
11	2	44	1	0
11	2	45	1	1
11	2	46	1	1
11	2	47	1	1
11	2	48	1	1
11	2	49	1	1
11	2	50	0	1
11	2	51	0	0
11	2	52	1	1
11	2	53	1	0
11	2	54	0	0
11	2	55	1	1
11	2	56	1	0
11	2	57	1	1
11	2	58	1	1
11	2	59	1	1
11	2	60	1	1
11	2	61	0	1
11	2	62	1	1
11	2	63	1	0
11	2	64	0	1
11	2	65	0	1
11	2	66	1	1
11	2	67	1	1
11	2	68	1	0
11	2	69	0	1
11	2	70	1	0
11	2	71	1	0
11	2	72	1	1
11	2	73	1	1
11	2	74	0	1
11	2	75	1	1
11	2	76	0	1
11	2	77	1	0
11	2	78	0	1
11	2	79	1	1
11	2	80	1	1
11	2	81	1	0
11	2	82	0	1
11	2	83	1	1
11	2	84	0	1
11	2	85	1	1
11	2	86	1	1
11	2	87	1	0
11	2	88	1	1
11	2	89	1	0
11	2	90	1	1
11	2	91	1	1
11	2	92	1	1
11	2	93	1	1
11	2	94	1	1
11	2	95	0	1
11	2	96	1	1
11	2	97	0	1
11	2	98	1	1
11	2	99	1	1
11	2	100	0	1
11	2	101	0	1
11	2	102	0	1
11	2	103	0	1
11	2	104	0	0
11	2	105	0	0
11	2	106	0	1
11	2	107	1	0
11	2	108	1	0
11	2	109	1	1
11	2	110	1	1
11	2	111	1	1
11	2	112	0	1
11	2	113	1	0
11	2	114	1	0
11	2	115	0	1
11	2	116	0	0
11	2	117	0	0
11	2	118	0	1
11	2	119	1	0
11	2	120	0	0
11	2	121	0	0
11	2	122	1	0
11	2	123	0	1
11	2	124	0	1
11	2	125	0	1
11	2	126	0	0
11	2	127	0	0
11	2	128	0	0
11	2	129	0	1
11	2	130	0	0
11	2	131	0	0
11	2	132	0	0
11	2	133	0	1
11	2	134	1	0
11	2	135	1	0
11	2	136	1	0
11	2	137	1	0
11	2	138	1	0
11	2	139	1	1
11	2	140	1	0
11	2	141	1	0
11	2	142	0	1
11	2	143	0	1
11	2	144	0	1
11	2	145	0	1
11	2	146	0	1
11	2	147	0	0
11	2	148	1	0
11	2	149	0	1
11	2	150	1	1
11	2	151	0	0
11	2	152	0	1
11	2	153	1	1
11	2	154	1	0
11	2	155	1	0
11	2	156	1	1
11	2	157	1	0
11	2	158	1	0
11	2	159	1	1
11	2	160	1	0
11	2	161	1	1
11	2	162	1	1
11	2	163	1	1
11	2	164	0	1
11	2	165	1	1
11	2	166	1	0
11	2	167	1	1
11	2	168	1	1
11	2	169	1	1
11	2	170	1	1
11	2	171	1	1
11	2	172	1	1
11	2	173	1	1
11	2	174	0	1
11	2	175	0	1
11	2	176	0	1
11	2	177	0	0
11	2	178	1	1
11	2	179	1	0
11	2	180	0	1
11	2	181	0	1
11	2	182	0	1
11	2	183	1	0
11	2	184	0	0
11	2	185	1	1
11	2	186	1	0
11	2	187	1	0
11	2	188	1	1
11	2	189	1	1
11	2	190	1	1
11	2	191	1	1
11	2	192	1	0
11	2	193	1	0
11	2	194	1	1
11	2	195	1	1
11	2	196	1	1
11	2	197	1	1
11	2	198	1	0
11	2	199	1	0
11	2	200	1	1
11	2	201	1	1
11	2	202	1	1
11	2	203	1	1
11	2	204	1	1
11	2	205	1	1
11	2	206	0	1
11	2	207	0	1
11	2	208	1	1
11	2	209	1	1
11	2	210	1	1
11	2	211	1	1
11	2	212	1	1
11	2	213	1	1
11	2	214	1	1
11	2	215	1	1
11	2	216	1	1
11	2	217	1	1
11	2	218	1	1
11	2	219	1	1
11	2	220	1	1
11	2	221	1	1
11	2	222	1	1
11	2	223	1	1
11	2	224	1	1
11	2	225	1	1
11	2	226	1	1
11	2	227	1	0
11	2	228	1	1
11	2	229	1	1
11	2	230	0	1
11	2	231	1	1
11	2	232	1	1
11	2	233	1	1
11	2	234	1	1
11	2	235	0	1
11	2	236	1	1
11	2	237	1	1
11	2	238	1	1
11	2	239	1	1
11	2	240	0	1
11	2	241	0	0
11	2	242	1	0
11	2	243	0	0
11	2	244	0	1
11	2	245	1	1
11	2	246	1	0
11	2	247	1	1
11	2	248	1	0
11	2	249	1	0
11	2	250	1	0
11	2	251	1	1
11	2	252	1	1
11	2	253	0	1
11	2	254	1	1
11	2	255	0	1
11	2	256	1	1
11	2	257	1	0
11	2	258	1	1
11	2	259	1	1
11	2	260	0	1
11	2	261	1	1
11	2	262	1	0
11	2	263	1	1
11	2	264	1	1
11	2	265	1	0
11	2	266	1	1
11	2	267	1	1
11	2	268	1	1
11	2	269	1	1
11	2	270	1	1
11	2	271	1	1
11	2	272	1	1
11	2	273	0	1
11	2	274	1	0
11	2	275	0	1
11	2	276	1	1
11	2	277	0	1
11	2	278	1	1
11	2	279	1	1
11	2	280	1	1
11	2	281	1	0
11	2	282	1	1
11	2	283	1	1
11	2	284	0	1
11	2	285	0	1
11	2	286	1	1
11	2	287	1	1
11	2	288	1	1
11	2	289	0	1
11	2	290	0	1
11	2	291	1	1
11	2	292	1	1
11	2	293	1	0
11	2	294	1	1
11	2	295	1	1
11	2	296	1	1
11	2	297	1	1
11	2	298	1	1
11	2	299	1	1
11	2	300	1	1
11	2	301	0	1
11	2	302	1	1
11	2	303	1	1
11	2	304	0	1
11	2	305	0	1
11	2	306	0	0
11	2	307	1	1
11	2	308	1	1
11	2	309	1	0
11	2	310	1	1
11	2	311	1	1
11	2	312	1	1
11	2	313	0	1
11	2	314	0	0
11	2	315	0	0
11	2	316	0	0
11	2	317	1	1
11	2	318	0	1
11	2	319	0	1
11	2	320	0	1
11	2	321	0	0
11	2	322	0	0
11	2	323	1	0
11	2	324	1	1
11	2	325	1	0
11	2	326	0	0
11	2	327	0	0
11	2	328	0	0
11	2	329	0	0
11	2	330	0	1
11	2	331	1	0
11	2	332	1	0
11	2	333	1	1
11	2	334	1	1
11	2	335	0	1
11	2	336	0	1
11	2	337	1	0
11	2	338	1	0
11	2	339	1	1
11	2	340	0	1
11	2	341	1	1
11	2	342	1	1
11	2	343	0	1
11	2	344	0	1
11	2	345	0	1
11	2	346	0	0
11	2	347	0	0
11	2	348	0	1
11	2	349	0	0
11	2	350	1	0
11	2	351	1	0
11	2	352	1	0
11	2	353	1	0
11	2	354	1	1
11	2	355	1	1
11	2	356	1	1
11	2	357	1	1
11	2	358	0	1
11	2	359	1	0
11	2	360	1	1
11	2	361	1	1
11	2	362	1	1
11	2	363	1	1
11	2	364	1	1
11	2	365	1	0
11	2	366	1	1
11	2	367	1	0
11	2	368	0	0
11	2	369	0	1
11	2	370	1	1
11	2	371	0	1
11	2	372	1	1
11	2	373	0	1
11	2	374	0	0
11	2	375	0	1
11	2	376	0	1
11	2	377	0	0
11	2	378	0	1
11	2	379	0	0
11	2	380	0	1
11	2	381	0	1
11	2	382	1	0
11	2	383	0	0
11	2	384	0	0
11	2	385	0	0
11	2	386	0	0
11	2	387	1	0
11	2	388	1	1
11	2	389	1	0
11	2	390	0	0
11	2	391	1	0
11	2	392	0	1
11	2	393	0	1
11	2	394	1	0
11	2	395	1	1
11	2	396	1	0
11	2	397	1	0
11	2	398	1	1
11	2	399	1	0
11	2	400	1	0
12	1	1	1	1
12	1	2	1	0
12	1	3	1	1
12	1	4	1	1
12	1	5	1	1
12	1	6	1	1
12	1	7	1	1
12	1	8	1	1
12	1	9	1	1
12	1	10	1	1
12	1	11	1	1
12	1	12	1	0
12	1	13	1	1
12	1	14	0	1
12	1	15	0	1
12	1	16	1	1
12	1	17	1	1
12	1	18	1	1
12	1	19	1	1
12	1	20	1	1
12	1	21	1	1
12	1	22	1	1
12	1	23	1	1
12	1	24	1	1
12	1	25	1	1
12	1	26	0	1
12	1	27	1	1
12	1	28	1	1
12	1	29	1	1
12	1	30	1	1
12	1	31	1	1
12	1	32	1	1
12	1	33	0	1
12	1	34	1	0
12	1	35	0	0
12	1	36	1	1
12	1	37	1	1
12	1	38	1	1
12	1	39	0	1
12	1	40	1	1
12	1	41	1	1
12	1	42	1	1
12	1	43	1	1
12	1	44	1	1
12	1	45	1	1
12	1	46	1	1
12	1	47	1	1
12	1	48	1	1
12	1	49	1	1
12	1	50	0	1
12	1	51	0	0
12	1	52	1	1
12	1	53	1	0
12	1	54	0	0
12	1	55	1	1
12	1	56	1	0
12	1	57	1	1
12	1	58	1	1
12	1	59	1	1
12	1	60	1	1
12	1	61	0	1
12	1	62	1	1
12	1	63	1	1
12	1	64	0	1
12	1	65	0	1
12	1	66	1	1
12	1	67	1	1
12	1	68	1	0
12	1	69	0	1
12	1	70	1	0
12	1	71	1	1
12	1	72	1	1
12	1	73	1	1
12	1	74	0	1
12	1	75	1	1
12	1	76	0	1
12	1	77	1	0
12	1	78	0	1
12	1	79	1	1
12	1	80	1	1
12	1	81	1	0
12	1	82	0	1
12	1	83	1	1
12	1	84	0	1
12	1	85	1	1
12	1	86	1	1
12	1	87	1	1
12	1	88	1	1
12	1	89	1	0
12	1	90	1	1
12	1	91	1	1
12	1	92	1	1
12	1	93	1	1
12	1	94	1	1
12	1	95	0	1
12	1	96	1	1
12	1	97	0	1
12	1	98	1	1
12	1	99	1	1
12	1	100	0	1
12	1	101	0	1
12	1	102	0	0
12	1	103	0	1
12	1	104	0	0
12	1	105	0	0
12	1	106	0	0
12	1	107	1	0
12	1	108	1	0
12	1	109	1	1
12	1	110	1	1
12	1	111	1	1
12	1	112	0	1
12	1	113	1	0
12	1	114	1	0
12	1	115	0	1
12	1	116	0	0
12	1	117	0	0
12	1	118	0	1
12	1	119	1	0
12	1	120	0	0
12	1	121	0	0
12	1	122	1	0
12	1	123	0	1
12	1	124	0	1
12	1	125	0	1
12	1	126	0	0
12	1	127	0	0
12	1	128	0	0
12	1	129	0	1
12	1	130	0	0
12	1	131	0	0
12	1	132	0	0
12	1	133	0	0
12	1	134	1	0
12	1	135	1	0
12	1	136	1	0
12	1	137	1	0
12	1	138	1	0
12	1	139	1	1
12	1	140	1	0
12	1	141	1	0
12	1	142	0	1
12	1	143	0	1
12	1	144	0	1
12	1	145	0	1
12	1	146	0	1
12	1	147	0	0
12	1	148	1	0
12	1	149	0	1
12	1	150	1	0
12	1	151	0	0
12	1	152	0	1
12	1	153	1	1
12	1	154	1	0
12	1	155	1	0
12	1	156	1	1
12	1	157	1	0
12	1	158	1	0
12	1	159	1	1
12	1	160	1	1
12	1	161	1	1
12	1	162	1	1
12	1	163	1	1
12	1	164	0	1
12	1	165	1	1
12	1	166	1	1
12	1	167	1	1
12	1	168	1	1
12	1	169	1	1
12	1	170	1	1
12	1	171	1	1
12	1	172	1	1
12	1	173	1	1
12	1	174	0	1
12	1	175	0	1
12	1	176	0	1
12	1	177	0	0
12	1	178	1	1
12	1	179	1	0
12	1	180	0	1
12	1	181	0	1
12	1	182	0	1
12	1	183	1	0
12	1	184	0	0
12	1	185	1	1
12	1	186	1	0
12	1	187	1	0
12	1	188	1	1
12	1	189	1	1
12	1	190	1	1
12	1	191	1	1
12	1	192	1	0
12	1	193	1	0
12	1	194	1	1
12	1	195	1	1
12	1	196	1	1
12	1	197	1	1
12	1	198	1	1
12	1	199	1	1
12	1	200	1	1
12	1	201	1	1
12	1	202	1	1
12	1	203	1	1
12	1	204	1	1
12	1	205	1	1
12	1	206	0	1
12	1	207	0	1
12	1	208	1	1
12	1	209	1	1
12	1	210	1	1
12	1	211	1	1
12	1	212	1	1
12	1	213	1	1
12	1	214	1	1
12	1	215	1	1
12	1	216	1	1
12	1	217	1	1
12	1	218	1	1
12	1	219	1	1
12	1	220	1	1
12	1	221	1	1
12	1	222	1	1
12	1	223	1	1
12	1	224	1	1
12	1	225	1	1
12	1	226	1	1
12	1	227	1	1
12	1	228	1	1
12	1	229	1	1
12	1	230	0	1
12	1	231	1	1
12	1	232	1	1
12	1	233	1	1
12	1	234	1	1
12	1	235	0	1
12	1	236	1	1
12	1	237	1	1
12	1	238	1	1
12	1	239	1	1
12	1	240	0	1
12	1	241	0	0
12	1	242	1	0
12	1	243	0	0
12	1	244	0	1
12	1	245	1	1
12	1	246	1	0
12	1	247	1	1
12	1	248	1	0
12	1	249	1	0
12	1	250	1	0
12	1	251	1	1
12	1	252	1	1
12	1	253	0	1
12	1	254	1	1
12	1	255	0	1
12	1	256	1	1
12	1	257	1	0
12	1	258	1	1
12	1	259	1	1
12	1	260	0	1
12	1	261	1	1
12	1	262	1	0
12	1	263	1	1
12	1	264	1	1
12	1	265	1	1
12	1	266	1	1
12	1	267	1	1
12	1	268	1	1
12	1	269	1	1
12	1	270	1	1
12	1	271	1	1
12	1	272	1	1
12	1	273	0	1
12	1	274	1	1
12	1	275	0	1
12	1	276	1	1
12	1	277	0	1
12	1	278	1	1
12	1	279	1	1
12	1	280	1	1
12	1	281	1	0
12	1	282	1	1
12	1	283	1	1
12	1	284	0	1
12	1	285	0	1
12	1	286	1	1
12	1	287	1	1
12	1	288	1	1
12	1	289	0	1
12	1	290	0	1
12	1	291	1	1
12	1	292	1	1
12	1	293	1	0
12	1	294	1	1
12	1	295	1	1
12	1	296	1	1
12	1	297	1	1
12	1	298	1	1
12	1	299	1	1
12	1	300	1	1
12	1	301	0	1
12	1	302	1	1
12	1	303	1	1
12	1	304	0	1
12	1	305	0	1
12	1	306	0	0
12	1	307	1	1
12	1	308	1	1
12	1	309	1	0
12	1	310	1	1
12	1	311	1	1
12	1	312	1	1
12	1	313	0	1
12	1	314	0	0
12	1	315	0	0
12	1	316	0	0
12	1	317	1	1
12	1	318	0	1
12	1	319	0	1
12	1	320	0	1
12	1	321	0	0
12	1	322	0	0
12	1	323	1	0
12	1	324	1	1
12	1	325	1	0
12	1	326	0	0
12	1	327	0	0
12	1	328	0	0
12	1	329	0	0
12	1	330	0	0
12	1	331	1	0
12	1	332	1	0
12	1	333	1	1
12	1	334	1	1
12	1	335	0	1
12	1	336	0	1
12	1	337	1	0
12	1	338	1	0
12	1	339	1	1
12	1	340	0	1
12	1	341	1	1
12	1	342	1	1
12	1	343	0	1
12	1	344	0	1
12	1	345	0	1
12	1	346	0	0
12	1	347	0	0
12	1	348	0	1
12	1	349	0	0
12	1	350	1	0
12	1	351	1	0
12	1	352	1	0
12	1	353	1	0
12	1	354	1	1
12	1	355	1	1
12	1	356	1	1
12	1	357	1	1
12	1	358	0	1
12	1	359	1	0
12	1	360	1	1
12	1	361	1	1
12	1	362	1	1
12	1	363	1	1
12	1	364	1	1
12	1	365	1	0
12	1	366	1	1
12	1	367	1	0
12	1	368	0	1
12	1	369	0	1
12	1	370	1	1
12	1	371	0	1
12	1	372	1	1
12	1	373	0	1
12	1	374	0	0
12	1	375	0	1
12	1	376	0	1
12	1	377	0	0
12	1	378	0	1
12	1	379	0	0
12	1	380	0	0
12	1	381	0	1
12	1	382	1	0
12	1	383	0	0
12	1	384	0	0
12	1	385	0	0
12	1	386	0	0
12	1	387	1	0
12	1	388	1	1
12	1	389	1	0
12	1	390	0	0
12	1	391	1	0
12	1	392	0	1
12	1	393	0	0
12	1	394	1	0
12	1	395	1	1
12	1	396	1	0
12	1	397	1	0
12	1	398	1	1
12	1	399	1	0
12	1	400	1	1
12	2	1	1	1
12	2	2	1	0
12	2	3	1	1
12	2	4	1	1
12	2	5	1	1
12	2	6	1	1
12	2	7	1	1
12	2	8	1	1
12	2	9	1	1
12	2	10	1	1
12	2	11	1	1
12	2	12	1	1
12	2	13	1	1
12	2	14	0	1
12	2	15	0	1
12	2	16	1	1
12	2	17	1	1
12	2	18	1	1
12	2	19	1	1
12	2	20	1	1
12	2	21	1	1
12	2	22	1	1
12	2	23	1	1
12	2	24	1	1
12	2	25	1	1
12	2	26	0	1
12	2	27	1	1
12	2	28	1	1
12	2	29	1	1
12	2	30	1	1
12	2	31	1	1
12	2	32	1	1
12	2	33	0	1
12	2	34	1	1
12	2	35	0	1
12	2	36	1	1
12	2	37	1	1
12	2	38	1	1
12	2	39	0	1
12	2	40	1	1
12	2	41	1	1
12	2	42	1	1
12	2	43	1	1
12	2	44	1	1
12	2	45	1	1
12	2	46	1	1
12	2	47	1	1
12	2	48	1	1
12	2	49	1	1
12	2	50	0	1
12	2	51	0	1
12	2	52	1	1
12	2	53	1	1
12	2	54	0	1
12	2	55	1	1
12	2	56	1	1
12	2	57	1	1
12	2	58	1	1
12	2	59	1	1
12	2	60	1	1
12	2	61	0	1
12	2	62	1	1
12	2	63	1	1
12	2	64	0	1
12	2	65	0	1
12	2	66	1	1
12	2	67	1	1
12	2	68	1	1
12	2	69	0	1
12	2	70	1	0
12	2	71	1	1
12	2	72	1	1
12	2	73	1	1
12	2	74	0	1
12	2	75	1	1
12	2	76	0	1
12	2	77	1	1
12	2	78	0	1
12	2	79	1	1
12	2	80	1	1
12	2	81	1	1
12	2	82	0	1
12	2	83	1	1
12	2	84	0	1
12	2	85	1	1
12	2	86	1	1
12	2	87	1	1
12	2	88	1	1
12	2	89	1	1
12	2	90	1	1
12	2	91	1	1
12	2	92	1	1
12	2	93	1	1
12	2	94	1	1
12	2	95	0	1
12	2	96	1	1
12	2	97	0	1
12	2	98	1	1
12	2	99	1	1
12	2	100	0	1
12	2	101	0	1
12	2	102	0	1
12	2	103	0	1
12	2	104	0	0
12	2	105	0	0
12	2	106	0	0
12	2	107	1	0
12	2	108	1	0
12	2	109	1	1
12	2	110	1	1
12	2	111	1	1
12	2	112	0	1
12	2	113	1	0
12	2	114	1	1
12	2	115	0	1
12	2	116	0	0
12	2	117	0	0
12	2	118	0	1
12	2	119	1	0
12	2	120	0	0
12	2	121	0	0
12	2	122	1	0
12	2	123	0	0
12	2	124	0	1
12	2	125	0	0
12	2	126	0	0
12	2	127	0	0
12	2	128	0	0
12	2	129	0	1
12	2	130	0	0
12	2	131	0	0
12	2	132	0	0
12	2	133	0	0
12	2	134	1	0
12	2	135	1	0
12	2	136	1	0
12	2	137	1	0
12	2	138	1	0
12	2	139	1	1
12	2	140	1	0
12	2	141	1	0
12	2	142	0	1
12	2	143	0	1
12	2	144	0	1
12	2	145	0	1
12	2	146	0	1
12	2	147	0	0
12	2	148	1	0
12	2	149	0	1
12	2	150	1	0
12	2	151	0	0
12	2	152	0	0
12	2	153	1	0
12	2	154	1	0
12	2	155	1	0
12	2	156	1	1
12	2	157	1	1
12	2	158	1	1
12	2	159	1	1
12	2	160	1	1
12	2	161	1	1
12	2	162	1	1
12	2	163	1	1
12	2	164	0	1
12	2	165	1	1
12	2	166	1	1
12	2	167	1	1
12	2	168	1	1
12	2	169	1	1
12	2	170	1	1
12	2	171	1	1
12	2	172	1	1
12	2	173	1	1
12	2	174	0	1
12	2	175	0	1
12	2	176	0	1
12	2	177	0	0
12	2	178	1	0
12	2	179	1	0
12	2	180	0	1
12	2	181	0	1
12	2	182	0	1
12	2	183	1	0
12	2	184	0	0
12	2	185	1	0
12	2	186	1	0
12	2	187	1	0
12	2	188	1	1
12	2	189	1	1
12	2	190	1	1
12	2	191	1	1
12	2	192	1	1
12	2	193	1	1
12	2	194	1	1
12	2	195	1	1
12	2	196	1	1
12	2	197	1	1
12	2	198	1	1
12	2	199	1	1
12	2	200	1	1
12	2	201	1	1
12	2	202	1	1
12	2	203	1	1
12	2	204	1	1
12	2	205	1	1
12	2	206	0	1
12	2	207	0	1
12	2	208	1	1
12	2	209	1	1
12	2	210	1	1
12	2	211	1	1
12	2	212	1	1
12	2	213	1	1
12	2	214	1	1
12	2	215	1	1
12	2	216	1	1
12	2	217	1	1
12	2	218	1	1
12	2	219	1	1
12	2	220	1	1
12	2	221	1	1
12	2	222	1	1
12	2	223	1	1
12	2	224	1	1
12	2	225	1	1
12	2	226	1	1
12	2	227	1	1
12	2	228	1	1
12	2	229	1	1
12	2	230	0	1
12	2	231	1	1
12	2	232	1	1
12	2	233	1	1
12	2	234	1	1
12	2	235	0	1
12	2	236	1	1
12	2	237	1	1
12	2	238	1	1
12	2	239	1	1
12	2	240	0	1
12	2	241	0	1
12	2	242	1	0
12	2	243	0	1
12	2	244	0	1
12	2	245	1	1
12	2	246	1	0
12	2	247	1	1
12	2	248	1	0
12	2	249	1	0
12	2	250	1	1
12	2	251	1	1
12	2	252	1	1
12	2	253	0	1
12	2	254	1	1
12	2	255	0	1
12	2	256	1	1
12	2	257	1	0
12	2	258	1	1
12	2	259	1	1
12	2	260	0	1
12	2	261	1	1
12	2	262	1	0
12	2	263	1	1
12	2	264	1	1
12	2	265	1	1
12	2	266	1	1
12	2	267	1	1
12	2	268	1	1
12	2	269	1	1
12	2	270	1	1
12	2	271	1	1
12	2	272	1	1
12	2	273	0	1
12	2	274	1	1
12	2	275	0	1
12	2	276	1	1
12	2	277	0	1
12	2	278	1	1
12	2	279	1	1
12	2	280	1	1
12	2	281	1	1
12	2	282	1	1
12	2	283	1	1
12	2	284	0	1
12	2	285	0	1
12	2	286	1	1
12	2	287	1	1
12	2	288	1	1
12	2	289	0	1
12	2	290	0	1
12	2	291	1	1
12	2	292	1	1
12	2	293	1	1
12	2	294	1	1
12	2	295	1	1
12	2	296	1	1
12	2	297	1	1
12	2	298	1	1
12	2	299	1	1
12	2	300	1	1
12	2	301	0	1
12	2	302	1	1
12	2	303	1	1
12	2	304	0	1
12	2	305	0	1
12	2	306	0	0
12	2	307	1	0
12	2	308	1	1
12	2	309	1	1
12	2	310	1	1
12	2	311	1	1
12	2	312	1	1
12	2	313	0	1
12	2	314	0	0
12	2	315	0	0
12	2	316	0	0
12	2	317	1	0
12	2	318	0	1
12	2	319	0	1
12	2	320	0	0
12	2	321	0	0
12	2	322	0	0
12	2	323	1	0
12	2	324	1	0
12	2	325	1	0
12	2	326	0	0
12	2	327	0	0
12	2	328	0	0
12	2	329	0	0
12	2	330	0	0
12	2	331	1	0
12	2	332	1	0
12	2	333	1	1
12	2	334	1	1
12	2	335	0	1
12	2	336	0	1
12	2	337	1	0
12	2	338	1	0
12	2	339	1	1
12	2	340	0	1
12	2	341	1	1
12	2	342	1	1
12	2	343	0	1
12	2	344	0	1
12	2	345	0	1
12	2	346	0	0
12	2	347	0	0
12	2	348	0	1
12	2	349	0	0
12	2	350	1	0
12	2	351	1	0
12	2	352	1	0
12	2	353	1	0
12	2	354	1	1
12	2	355	1	1
12	2	356	1	1
12	2	357	1	1
12	2	358	0	1
12	2	359	1	0
12	2	360	1	1
12	2	361	1	1
12	2	362	1	1
12	2	363	1	1
12	2	364	1	1
12	2	365	1	1
12	2	366	1	1
12	2	367	1	1
12	2	368	0	1
12	2	369	0	1
12	2	370	1	1
12	2	371	0	1
12	2	372	1	1
12	2	373	0	1
12	2	374	0	0
12	2	375	0	1
12	2	376	0	0
12	2	377	0	0
12	2	378	0	1
12	2	379	0	0
12	2	380	0	0
12	2	381	0	0
12	2	382	1	0
12	2	383	0	0
12	2	384	0	0
12	2	385	0	0
12	2	386	0	0
12	2	387	1	0
12	2	388	1	0
12	2	389	1	0
12	2	390	0	0
12	2	391	1	0
12	2	392	0	1
12	2	393	0	0
12	2	394	1	0
12	2	395	1	1
12	2	396	1	0
12	2	397	1	0
12	2	398	1	1
12	2	399	1	1
12	2	400	1	1
13	1	1	1	1
13	1	2	1	0
13	1	3	1	1
13	1	4	1	1
13	1	5	1	1
13	1	6	1	1
13	1	7	1	1
13	1	8	1	1
13	1	9	1	1
13	1	10	1	1
13	1	11	1	1
13	1	12	1	1
13	1	13	1	1
13	1	14	0	1
13	1	15	0	1
13	1	16	1	1
13	1	17	1	1
13	1	18	1	1
13	1	19	1	1
13	1	20	1	1
13	1	21	1	1
13	1	22	1	1
13	1	23	1	1
13	1	24	1	1
13	1	25	1	1
13	1	26	0	1
13	1	27	1	1
13	1	28	1	1
13	1	29	1	1
13	1	30	1	1
13	1	31	1	1
13	1	32	1	1
13	1	33	0	1
13	1	34	1	1
13	1	35	0	1
13	1	36	1	1
13	1	37	1	1
13	1	38	1	1
13	1	39	0	1
13	1	40	1	1
13	1	41	1	1
13	1	42	1	1
13	1	43	1	1
13	1	44	1	1
13	1	45	1	1
13	1	46	1	1
13	1	47	1	1
13	1	48	1	1
13	1	49	1	1
13	1	50	0	1
13	1	51	0	1
13	1	52	1	1
13	1	53	1	1
13	1	54	0	1
13	1	55	1	1
13	1	56	1	1
13	1	57	1	1
13	1	58	1	1
13	1	59	1	1
13	1	60	1	1
13	1	61	0	1
13	1	62	1	1
13	1	63	1	1
13	1	64	0	1
13	1	65	0	1
13	1	66	1	1
13	1	67	1	1
13	1	68	1	1
13	1	69	0	1
13	1	70	1	0
13	1	71	1	1
13	1	72	1	1
13	1	73	1	1
13	1	74	0	1
13	1	75	1	1
13	1	76	0	1
13	1	77	1	1
13	1	78	0	1
13	1	79	1	1
13	1	80	1	1
13	1	81	1	1
13	1	82	0	1
13	1	83	1	1
13	1	84	0	1
13	1	85	1	1
13	1	86	1	1
13	1	87	1	1
13	1	88	1	1
13	1	89	1	1
13	1	90	1	1
13	1	91	1	1
13	1	92	1	1
13	1	93	1	1
13	1	94	1	1
13	1	95	0	1
13	1	96	1	1
13	1	97	0	1
13	1	98	1	1
13	1	99	1	1
13	1	100	0	1
13	1	101	0	1
13	1	102	0	1
13	1	103	0	1
13	1	104	0	1
13	1	105	0	0
13	1	106	0	1
13	1	107	1	0
13	1	108	1	0
13	1	109	1	1
13	1	110	1	1
13	1	111	1	1
13	1	112	0	1
13	1	113	1	0
13	1	114	1	0
13	1	115	0	1
13	1	116	0	0
13	1	117	0	0
13	1	118	0	1
13	1	119	1	0
13	1	120	0	0
13	1	121	0	0
13	1	122	1	0
13	1	123	0	1
13	1	124	0	1
13	1	125	0	1
13	1	126	0	0
13	1	127	0	0
13	1	128	0	0
13	1	129	0	1
13	1	130	0	0
13	1	131	0	0
13	1	132	0	0
13	1	133	0	0
13	1	134	1	0
13	1	135	1	0
13	1	136	1	0
13	1	137	1	0
13	1	138	1	0
13	1	139	1	1
13	1	140	1	0
13	1	141	1	0
13	1	142	0	1
13	1	143	0	1
13	1	144	0	1
13	1	145	0	1
13	1	146	0	1
13	1	147	0	0
13	1	148	1	0
13	1	149	0	1
13	1	150	1	0
13	1	151	0	0
13	1	152	0	1
13	1	153	1	1
13	1	154	1	0
13	1	155	1	0
13	1	156	1	1
13	1	157	1	0
13	1	158	1	0
13	1	159	1	1
13	1	160	1	1
13	1	161	1	1
13	1	162	1	1
13	1	163	1	1
13	1	164	0	1
13	1	165	1	1
13	1	166	1	1
13	1	167	1	1
13	1	168	1	1
13	1	169	1	1
13	1	170	1	1
13	1	171	1	1
13	1	172	1	1
13	1	173	1	1
13	1	174	0	1
13	1	175	0	1
13	1	176	0	1
13	1	177	0	1
13	1	178	1	1
13	1	179	1	0
13	1	180	0	1
13	1	181	0	1
13	1	182	0	1
13	1	183	1	0
13	1	184	0	0
13	1	185	1	1
13	1	186	1	0
13	1	187	1	0
13	1	188	1	1
13	1	189	1	1
13	1	190	1	1
13	1	191	1	1
13	1	192	1	1
13	1	193	1	1
13	1	194	1	1
13	1	195	1	1
13	1	196	1	1
13	1	197	1	1
13	1	198	1	1
13	1	199	1	1
13	1	200	1	1
13	1	201	1	1
13	1	202	1	1
13	1	203	1	1
13	1	204	1	1
13	1	205	1	1
13	1	206	0	1
13	1	207	0	1
13	1	208	1	1
13	1	209	1	1
13	1	210	1	1
13	1	211	1	1
13	1	212	1	1
13	1	213	1	1
13	1	214	1	1
13	1	215	1	1
13	1	216	1	1
13	1	217	1	1
13	1	218	1	1
13	1	219	1	1
13	1	220	1	1
13	1	221	1	1
13	1	222	1	1
13	1	223	1	1
13	1	224	1	1
13	1	225	1	1
13	1	226	1	1
13	1	227	1	1
13	1	228	1	1
13	1	229	1	1
13	1	230	0	1
13	1	231	1	1
13	1	232	1	1
13	1	233	1	1
13	1	234	1	1
13	1	235	0	1
13	1	236	1	1
13	1	237	1	1
13	1	238	1	1
13	1	239	1	1
13	1	240	0	1
13	1	241	0	1
13	1	242	1	0
13	1	243	0	1
13	1	244	0	1
13	1	245	1	1
13	1	246	1	0
13	1	247	1	1
13	1	248	1	0
13	1	249	1	0
13	1	250	1	1
13	1	251	1	1
13	1	252	1	1
13	1	253	0	1
13	1	254	1	1
13	1	255	0	1
13	1	256	1	1
13	1	257	1	0
13	1	258	1	1
13	1	259	1	1
13	1	260	0	1
13	1	261	1	1
13	1	262	1	0
13	1	263	1	1
13	1	264	1	1
13	1	265	1	1
13	1	266	1	1
13	1	267	1	1
13	1	268	1	1
13	1	269	1	1
13	1	270	1	1
13	1	271	1	1
13	1	272	1	1
13	1	273	0	1
13	1	274	1	1
13	1	275	0	1
13	1	276	1	1
13	1	277	0	1
13	1	278	1	1
13	1	279	1	1
13	1	280	1	1
13	1	281	1	1
13	1	282	1	1
13	1	283	1	1
13	1	284	0	1
13	1	285	0	1
13	1	286	1	1
13	1	287	1	1
13	1	288	1	1
13	1	289	0	1
13	1	290	0	1
13	1	291	1	1
13	1	292	1	1
13	1	293	1	1
13	1	294	1	1
13	1	295	1	1
13	1	296	1	1
13	1	297	1	1
13	1	298	1	1
13	1	299	1	1
13	1	300	1	1
13	1	301	0	1
13	1	302	1	1
13	1	303	1	1
13	1	304	0	1
13	1	305	0	1
13	1	306	0	0
13	1	307	1	1
13	1	308	1	1
13	1	309	1	1
13	1	310	1	1
13	1	311	1	1
13	1	312	1	1
13	1	313	0	1
13	1	314	0	0
13	1	315	0	1
13	1	316	0	1
13	1	317	1	1
13	1	318	0	1
13	1	319	0	1
13	1	320	0	1
13	1	321	0	0
13	1	322	0	0
13	1	323	1	0
13	1	324	1	1
13	1	325	1	0
13	1	326	0	0
13	1	327	0	0
13	1	328	0	0
13	1	329	0	0
13	1	330	0	0
13	1	331	1	0
13	1	332	1	0
13	1	333	1	1
13	1	334	1	1
13	1	335	0	1
13	1	336	0	1
13	1	337	1	0
13	1	338	1	0
13	1	339	1	1
13	1	340	0	1
13	1	341	1	1
13	1	342	1	1
13	1	343	0	1
13	1	344	0	1
13	1	345	0	1
13	1	346	0	0
13	1	347	0	0
13	1	348	0	1
13	1	349	0	0
13	1	350	1	0
13	1	351	1	0
13	1	352	1	0
13	1	353	1	0
13	1	354	1	1
13	1	355	1	1
13	1	356	1	1
13	1	357	1	1
13	1	358	0	1
13	1	359	1	0
13	1	360	1	1
13	1	361	1	1
13	1	362	1	1
13	1	363	1	1
13	1	364	1	1
13	1	365	1	1
13	1	366	1	1
13	1	367	1	1
13	1	368	0	1
13	1	369	0	1
13	1	370	1	1
13	1	371	0	1
13	1	372	1	1
13	1	373	0	1
13	1	374	0	1
13	1	375	0	1
13	1	376	0	1
13	1	377	0	0
13	1	378	0	1
13	1	379	0	0
13	1	380	0	0
13	1	381	0	1
13	1	382	1	0
13	1	383	0	0
13	1	384	0	0
13	1	385	0	0
13	1	386	0	0
13	1	387	1	0
13	1	388	1	0
13	1	389	1	0
13	1	390	0	0
13	1	391	1	0
13	1	392	0	0
13	1	393	0	0
13	1	394	1	0
13	1	395	1	0
13	1	396	1	0
13	1	397	1	0
13	1	398	1	1
13	1	399	1	0
13	1	400	1	1
13	2	1	1	1
13	2	2	1	0
13	2	3	1	1
13	2	4	1	1
13	2	5	1	1
13	2	6	1	1
13	2	7	1	1
13	2	8	1	1
13	2	9	1	1
13	2	10	1	1
13	2	11	1	1
13	2	12	1	1
13	2	13	1	1
13	2	14	0	1
13	2	15	0	1
13	2	16	1	1
13	2	17	1	1
13	2	18	1	1
13	2	19	1	1
13	2	20	1	1
13	2	21	1	1
13	2	22	1	1
13	2	23	1	1
13	2	24	1	1
13	2	25	1	1
13	2	26	0	1
13	2	27	1	1
13	2	28	1	1
13	2	29	1	1
13	2	30	1	1
13	2	31	1	1
13	2	32	1	1
13	2	33	0	1
13	2	34	1	1
13	2	35	0	1
13	2	36	1	1
13	2	37	1	1
13	2	38	1	1
13	2	39	0	1
13	2	40	1	1
13	2	41	1	1
13	2	42	1	1
13	2	43	1	1
13	2	44	1	1
13	2	45	1	1
13	2	46	1	1
13	2	47	1	1
13	2	48	1	1
13	2	49	1	1
13	2	50	0	1
13	2	51	0	1
13	2	52	1	1
13	2	53	1	1
13	2	54	0	1
13	2	55	1	1
13	2	56	1	1
13	2	57	1	1
13	2	58	1	1
13	2	59	1	1
13	2	60	1	1
13	2	61	0	1
13	2	62	1	1
13	2	63	1	1
13	2	64	0	1
13	2	65	0	1
13	2	66	1	1
13	2	67	1	1
13	2	68	1	1
13	2	69	0	1
13	2	70	1	0
13	2	71	1	1
13	2	72	1	1
13	2	73	1	1
13	2	74	0	1
13	2	75	1	1
13	2	76	0	1
13	2	77	1	1
13	2	78	0	1
13	2	79	1	1
13	2	80	1	1
13	2	81	1	1
13	2	82	0	1
13	2	83	1	1
13	2	84	0	1
13	2	85	1	1
13	2	86	1	1
13	2	87	1	1
13	2	88	1	1
13	2	89	1	1
13	2	90	1	1
13	2	91	1	1
13	2	92	1	1
13	2	93	1	1
13	2	94	1	1
13	2	95	0	1
13	2	96	1	1
13	2	97	0	1
13	2	98	1	1
13	2	99	1	1
13	2	100	0	1
13	2	101	0	1
13	2	102	0	1
13	2	103	0	1
13	2	104	0	1
13	2	105	0	0
13	2	106	0	1
13	2	107	1	1
13	2	108	1	1
13	2	109	1	1
13	2	110	1	1
13	2	111	1	1
13	2	112	0	1
13	2	113	1	0
13	2	114	1	1
13	2	115	0	1
13	2	116	0	1
13	2	117	0	1
13	2	118	0	1
13	2	119	1	0
13	2	120	0	1
13	2	121	0	0
13	2	122	1	0
13	2	123	0	1
13	2	124	0	1
13	2	125	0	1
13	2	126	0	1
13	2	127	0	0
13	2	128	0	0
13	2	129	0	1
13	2	130	0	0
13	2	131	0	0
13	2	132	0	1
13	2	133	0	1
13	2	134	1	0
13	2	135	1	0
13	2	136	1	1
13	2	137	1	0
13	2	138	1	0
13	2	139	1	1
13	2	140	1	0
13	2	141	1	0
13	2	142	0	1
13	2	143	0	1
13	2	144	0	1
13	2	145	0	1
13	2	146	0	1
13	2	147	0	0
13	2	148	1	0
13	2	149	0	1
13	2	150	1	1
13	2	151	0	0
13	2	152	0	1
13	2	153	1	1
13	2	154	1	0
13	2	155	1	0
13	2	156	1	1
13	2	157	1	0
13	2	158	1	0
13	2	159	1	1
13	2	160	1	0
13	2	161	1	1
13	2	162	1	1
13	2	163	1	1
13	2	164	0	1
13	2	165	1	1
13	2	166	1	0
13	2	167	1	1
13	2	168	1	1
13	2	169	1	1
13	2	170	1	1
13	2	171	1	1
13	2	172	1	1
13	2	173	1	1
13	2	174	0	1
13	2	175	0	1
13	2	176	0	1
13	2	177	0	1
13	2	178	1	1
13	2	179	1	0
13	2	180	0	1
13	2	181	0	1
13	2	182	0	1
13	2	183	1	0
13	2	184	0	0
13	2	185	1	1
13	2	186	1	1
13	2	187	1	0
13	2	188	1	1
13	2	189	1	1
13	2	190	1	1
13	2	191	1	1
13	2	192	1	0
13	2	193	1	0
13	2	194	1	1
13	2	195	1	1
13	2	196	1	1
13	2	197	1	1
13	2	198	1	1
13	2	199	1	1
13	2	200	1	1
13	2	201	1	1
13	2	202	1	1
13	2	203	1	1
13	2	204	1	1
13	2	205	1	1
13	2	206	0	1
13	2	207	0	1
13	2	208	1	1
13	2	209	1	1
13	2	210	1	1
13	2	211	1	1
13	2	212	1	1
13	2	213	1	1
13	2	214	1	1
13	2	215	1	1
13	2	216	1	1
13	2	217	1	1
13	2	218	1	1
13	2	219	1	1
13	2	220	1	1
13	2	221	1	1
13	2	222	1	1
13	2	223	1	1
13	2	224	1	1
13	2	225	1	1
13	2	226	1	1
13	2	227	1	1
13	2	228	1	1
13	2	229	1	1
13	2	230	0	1
13	2	231	1	1
13	2	232	1	1
13	2	233	1	1
13	2	234	1	1
13	2	235	0	1
13	2	236	1	1
13	2	237	1	1
13	2	238	1	1
13	2	239	1	1
13	2	240	0	1
13	2	241	0	1
13	2	242	1	1
13	2	243	0	1
13	2	244	0	1
13	2	245	1	1
13	2	246	1	1
13	2	247	1	1
13	2	248	1	1
13	2	249	1	1
13	2	250	1	1
13	2	251	1	1
13	2	252	1	1
13	2	253	0	1
13	2	254	1	1
13	2	255	0	1
13	2	256	1	1
13	2	257	1	1
13	2	258	1	1
13	2	259	1	1
13	2	260	0	1
13	2	261	1	1
13	2	262	1	0
13	2	263	1	1
13	2	264	1	1
13	2	265	1	1
13	2	266	1	1
13	2	267	1	1
13	2	268	1	1
13	2	269	1	1
13	2	270	1	1
13	2	271	1	1
13	2	272	1	1
13	2	273	0	1
13	2	274	1	1
13	2	275	0	1
13	2	276	1	1
13	2	277	0	1
13	2	278	1	1
13	2	279	1	1
13	2	280	1	1
13	2	281	1	1
13	2	282	1	1
13	2	283	1	1
13	2	284	0	1
13	2	285	0	1
13	2	286	1	1
13	2	287	1	1
13	2	288	1	1
13	2	289	0	1
13	2	290	0	1
13	2	291	1	1
13	2	292	1	1
13	2	293	1	1
13	2	294	1	1
13	2	295	1	1
13	2	296	1	1
13	2	297	1	1
13	2	298	1	1
13	2	299	1	1
13	2	300	1	1
13	2	301	0	1
13	2	302	1	1
13	2	303	1	1
13	2	304	0	1
13	2	305	0	1
13	2	306	0	0
13	2	307	1	1
13	2	308	1	1
13	2	309	1	1
13	2	310	1	1
13	2	311	1	1
13	2	312	1	1
13	2	313	0	1
13	2	314	0	1
13	2	315	0	1
13	2	316	0	1
13	2	317	1	1
13	2	318	0	1
13	2	319	0	1
13	2	320	0	1
13	2	321	0	1
13	2	322	0	1
13	2	323	1	1
13	2	324	1	1
13	2	325	1	0
13	2	326	0	1
13	2	327	0	1
13	2	328	0	1
13	2	329	0	1
13	2	330	0	1
13	2	331	1	1
13	2	332	1	0
13	2	333	1	1
13	2	334	1	1
13	2	335	0	1
13	2	336	0	1
13	2	337	1	0
13	2	338	1	1
13	2	339	1	1
13	2	340	0	1
13	2	341	1	1
13	2	342	1	1
13	2	343	0	1
13	2	344	0	1
13	2	345	0	1
13	2	346	0	1
13	2	347	0	1
13	2	348	0	1
13	2	349	0	1
13	2	350	1	0
13	2	351	1	1
13	2	352	1	0
13	2	353	1	0
13	2	354	1	1
13	2	355	1	1
13	2	356	1	1
13	2	357	1	1
13	2	358	0	1
13	2	359	1	0
13	2	360	1	1
13	2	361	1	1
13	2	362	1	1
13	2	363	1	1
13	2	364	1	1
13	2	365	1	0
13	2	366	1	1
13	2	367	1	0
13	2	368	0	0
13	2	369	0	1
13	2	370	1	1
13	2	371	0	1
13	2	372	1	1
13	2	373	0	1
13	2	374	0	1
13	2	375	0	1
13	2	376	0	1
13	2	377	0	0
13	2	378	0	1
13	2	379	0	0
13	2	380	0	1
13	2	381	0	1
13	2	382	1	0
13	2	383	0	0
13	2	384	0	0
13	2	385	0	0
13	2	386	0	0
13	2	387	1	1
13	2	388	1	1
13	2	389	1	0
13	2	390	0	0
13	2	391	1	0
13	2	392	0	1
13	2	393	0	1
13	2	394	1	0
13	2	395	1	1
13	2	396	1	0
13	2	397	1	0
13	2	398	1	1
13	2	399	1	0
13	2	400	1	0
14	1	1	1	1
14	1	2	1	0
14	1	3	1	1
14	1	4	1	1
14	1	5	1	1
14	1	6	1	1
14	1	7	1	1
14	1	8	1	1
14	1	9	1	1
14	1	10	1	1
14	1	11	1	1
14	1	12	1	0
14	1	13	1	1
14	1	14	0	1
14	1	15	0	1
14	1	16	1	1
14	1	17	1	1
14	1	18	1	1
14	1	19	1	1
14	1	20	1	1
14	1	21	1	1
14	1	22	1	1
14	1	23	1	1
14	1	24	1	1
14	1	25	1	1
14	1	26	0	1
14	1	27	1	1
14	1	28	1	1
14	1	29	1	1
14	1	30	1	1
14	1	31	1	1
14	1	32	1	1
14	1	33	0	1
14	1	34	1	0
14	1	35	0	0
14	1	36	1	1
14	1	37	1	1
14	1	38	1	1
14	1	39	0	1
14	1	40	1	1
14	1	41	1	1
14	1	42	1	1
14	1	43	1	1
14	1	44	1	1
14	1	45	1	1
14	1	46	1	1
14	1	47	1	1
14	1	48	1	1
14	1	49	1	1
14	1	50	0	1
14	1	51	0	0
14	1	52	1	1
14	1	53	1	0
14	1	54	0	1
14	1	55	1	1
14	1	56	1	0
14	1	57	1	1
14	1	58	1	1
14	1	59	1	1
14	1	60	1	1
14	1	61	0	1
14	1	62	1	1
14	1	63	1	1
14	1	64	0	1
14	1	65	0	1
14	1	66	1	1
14	1	67	1	1
14	1	68	1	1
14	1	69	0	1
14	1	70	1	0
14	1	71	1	1
14	1	72	1	1
14	1	73	1	1
14	1	74	0	1
14	1	75	1	1
14	1	76	0	1
14	1	77	1	1
14	1	78	0	1
14	1	79	1	1
14	1	80	1	1
14	1	81	1	0
14	1	82	0	1
14	1	83	1	1
14	1	84	0	1
14	1	85	1	1
14	1	86	1	1
14	1	87	1	1
14	1	88	1	1
14	1	89	1	0
14	1	90	1	1
14	1	91	1	1
14	1	92	1	1
14	1	93	1	1
14	1	94	1	1
14	1	95	0	1
14	1	96	1	1
14	1	97	0	1
14	1	98	1	1
14	1	99	1	1
14	1	100	0	1
14	1	101	0	1
14	1	102	0	1
14	1	103	0	1
14	1	104	0	1
14	1	105	0	0
14	1	106	0	1
14	1	107	1	1
14	1	108	1	0
14	1	109	1	1
14	1	110	1	1
14	1	111	1	1
14	1	112	0	1
14	1	113	1	0
14	1	114	1	0
14	1	115	0	1
14	1	116	0	0
14	1	117	0	0
14	1	118	0	1
14	1	119	1	0
14	1	120	0	1
14	1	121	0	0
14	1	122	1	0
14	1	123	0	1
14	1	124	0	1
14	1	125	0	1
14	1	126	0	1
14	1	127	0	0
14	1	128	0	0
14	1	129	0	1
14	1	130	0	0
14	1	131	0	0
14	1	132	0	1
14	1	133	0	1
14	1	134	1	0
14	1	135	1	0
14	1	136	1	1
14	1	137	1	0
14	1	138	1	0
14	1	139	1	1
14	1	140	1	0
14	1	141	1	0
14	1	142	0	1
14	1	143	0	1
14	1	144	0	1
14	1	145	0	1
14	1	146	0	1
14	1	147	0	0
14	1	148	1	0
14	1	149	0	1
14	1	150	1	1
14	1	151	0	0
14	1	152	0	1
14	1	153	1	1
14	1	154	1	0
14	1	155	1	0
14	1	156	1	1
14	1	157	1	0
14	1	158	1	0
14	1	159	1	1
14	1	160	1	0
14	1	161	1	1
14	1	162	1	1
14	1	163	1	1
14	1	164	0	1
14	1	165	1	1
14	1	166	1	0
14	1	167	1	1
14	1	168	1	1
14	1	169	1	1
14	1	170	1	1
14	1	171	1	1
14	1	172	1	1
14	1	173	1	1
14	1	174	0	1
14	1	175	0	1
14	1	176	0	1
14	1	177	0	1
14	1	178	1	1
14	1	179	1	0
14	1	180	0	1
14	1	181	0	1
14	1	182	0	1
14	1	183	1	0
14	1	184	0	0
14	1	185	1	1
14	1	186	1	0
14	1	187	1	0
14	1	188	1	1
14	1	189	1	1
14	1	190	1	1
14	1	191	1	1
14	1	192	1	0
14	1	193	1	0
14	1	194	1	1
14	1	195	1	1
14	1	196	1	1
14	1	197	1	1
14	1	198	1	0
14	1	199	1	0
14	1	200	1	1
14	1	201	1	1
14	1	202	1	1
14	1	203	1	1
14	1	204	1	1
14	1	205	1	1
14	1	206	0	1
14	1	207	0	1
14	1	208	1	1
14	1	209	1	1
14	1	210	1	1
14	1	211	1	1
14	1	212	1	1
14	1	213	1	1
14	1	214	1	1
14	1	215	1	1
14	1	216	1	1
14	1	217	1	1
14	1	218	1	1
14	1	219	1	1
14	1	220	1	1
14	1	221	1	1
14	1	222	1	1
14	1	223	1	1
14	1	224	1	1
14	1	225	1	1
14	1	226	1	1
14	1	227	1	0
14	1	228	1	1
14	1	229	1	1
14	1	230	0	1
14	1	231	1	1
14	1	232	1	1
14	1	233	1	1
14	1	234	1	1
14	1	235	0	1
14	1	236	1	1
14	1	237	1	1
14	1	238	1	1
14	1	239	1	1
14	1	240	0	1
14	1	241	0	0
14	1	242	1	0
14	1	243	0	1
14	1	244	0	1
14	1	245	1	1
14	1	246	1	0
14	1	247	1	1
14	1	248	1	0
14	1	249	1	0
14	1	250	1	1
14	1	251	1	1
14	1	252	1	1
14	1	253	0	1
14	1	254	1	1
14	1	255	0	1
14	1	256	1	1
14	1	257	1	0
14	1	258	1	1
14	1	259	1	1
14	1	260	0	1
14	1	261	1	1
14	1	262	1	0
14	1	263	1	1
14	1	264	1	1
14	1	265	1	1
14	1	266	1	1
14	1	267	1	1
14	1	268	1	1
14	1	269	1	1
14	1	270	1	1
14	1	271	1	1
14	1	272	1	1
14	1	273	0	1
14	1	274	1	1
14	1	275	0	1
14	1	276	1	1
14	1	277	0	1
14	1	278	1	1
14	1	279	1	1
14	1	280	1	1
14	1	281	1	1
14	1	282	1	1
14	1	283	1	1
14	1	284	0	1
14	1	285	0	1
14	1	286	1	1
14	1	287	1	1
14	1	288	1	1
14	1	289	0	1
14	1	290	0	1
14	1	291	1	1
14	1	292	1	1
14	1	293	1	1
14	1	294	1	1
14	1	295	1	1
14	1	296	1	1
14	1	297	1	1
14	1	298	1	1
14	1	299	1	1
14	1	300	1	1
14	1	301	0	1
14	1	302	1	1
14	1	303	1	1
14	1	304	0	1
14	1	305	0	1
14	1	306	0	0
14	1	307	1	1
14	1	308	1	1
14	1	309	1	1
14	1	310	1	1
14	1	311	1	1
14	1	312	1	1
14	1	313	0	1
14	1	314	0	0
14	1	315	0	1
14	1	316	0	1
14	1	317	1	1
14	1	318	0	1
14	1	319	0	1
14	1	320	0	1
14	1	321	0	1
14	1	322	0	0
14	1	323	1	0
14	1	324	1	1
14	1	325	1	0
14	1	326	0	0
14	1	327	0	1
14	1	328	0	0
14	1	329	0	1
14	1	330	0	1
14	1	331	1	1
14	1	332	1	0
14	1	333	1	1
14	1	334	1	1
14	1	335	0	1
14	1	336	0	1
14	1	337	1	0
14	1	338	1	0
14	1	339	1	1
14	1	340	0	1
14	1	341	1	1
14	1	342	1	1
14	1	343	0	1
14	1	344	0	1
14	1	345	0	1
14	1	346	0	0
14	1	347	0	0
14	1	348	0	1
14	1	349	0	1
14	1	350	1	0
14	1	351	1	0
14	1	352	1	0
14	1	353	1	0
14	1	354	1	1
14	1	355	1	1
14	1	356	1	0
14	1	357	1	1
14	1	358	0	1
14	1	359	1	0
14	1	360	1	1
14	1	361	1	1
14	1	362	1	1
14	1	363	1	1
14	1	364	1	1
14	1	365	1	0
14	1	366	1	1
14	1	367	1	0
14	1	368	0	0
14	1	369	0	1
14	1	370	1	1
14	1	371	0	1
14	1	372	1	1
14	1	373	0	1
14	1	374	0	1
14	1	375	0	1
14	1	376	0	1
14	1	377	0	0
14	1	378	0	1
14	1	379	0	0
14	1	380	0	1
14	1	381	0	1
14	1	382	1	0
14	1	383	0	0
14	1	384	0	0
14	1	385	0	0
14	1	386	0	0
14	1	387	1	1
14	1	388	1	1
14	1	389	1	0
14	1	390	0	0
14	1	391	1	0
14	1	392	0	1
14	1	393	0	1
14	1	394	1	0
14	1	395	1	1
14	1	396	1	0
14	1	397	1	0
14	1	398	1	1
14	1	399	1	0
14	1	400	1	0
14	2	1	1	1
14	2	2	1	0
14	2	3	1	1
14	2	4	1	1
14	2	5	1	1
14	2	6	1	1
14	2	7	1	1
14	2	8	1	1
14	2	9	1	1
14	2	10	1	1
14	2	11	1	1
14	2	12	1	1
14	2	13	1	1
14	2	14	0	1
14	2	15	0	1
14	2	16	1	1
14	2	17	1	1
14	2	18	1	1
14	2	19	1	1
14	2	20	1	1
14	2	21	1	1
14	2	22	1	1
14	2	23	1	1
14	2	24	1	1
14	2	25	1	1
14	2	26	0	1
14	2	27	1	1
14	2	28	1	1
14	2	29	1	1
14	2	30	1	1
14	2	31	1	1
14	2	32	1	1
14	2	33	0	1
14	2	34	1	1
14	2	35	0	1
14	2	36	1	1
14	2	37	1	1
14	2	38	1	1
14	2	39	0	1
14	2	40	1	1
14	2	41	1	1
14	2	42	1	1
14	2	43	1	1
14	2	44	1	1
14	2	45	1	1
14	2	46	1	1
14	2	47	1	1
14	2	48	1	1
14	2	49	1	1
14	2	50	0	1
14	2	51	0	1
14	2	52	1	1
14	2	53	1	1
14	2	54	0	1
14	2	55	1	1
14	2	56	1	1
14	2	57	1	1
14	2	58	1	1
14	2	59	1	1
14	2	60	1	1
14	2	61	0	1
14	2	62	1	1
14	2	63	1	1
14	2	64	0	1
14	2	65	0	1
14	2	66	1	1
14	2	67	1	1
14	2	68	1	1
14	2	69	0	1
14	2	70	1	0
14	2	71	1	1
14	2	72	1	1
14	2	73	1	1
14	2	74	0	1
14	2	75	1	1
14	2	76	0	1
14	2	77	1	1
14	2	78	0	1
14	2	79	1	1
14	2	80	1	1
14	2	81	1	1
14	2	82	0	1
14	2	83	1	1
14	2	84	0	1
14	2	85	1	1
14	2	86	1	1
14	2	87	1	1
14	2	88	1	1
14	2	89	1	1
14	2	90	1	1
14	2	91	1	1
14	2	92	1	1
14	2	93	1	1
14	2	94	1	1
14	2	95	0	1
14	2	96	1	1
14	2	97	0	1
14	2	98	1	1
14	2	99	1	1
14	2	100	0	1
14	2	101	0	1
14	2	102	0	1
14	2	103	0	1
14	2	104	0	1
14	2	105	0	0
14	2	106	0	1
14	2	107	1	1
14	2	108	1	0
14	2	109	1	1
14	2	110	1	1
14	2	111	1	1
14	2	112	0	1
14	2	113	1	0
14	2	114	1	1
14	2	115	0	1
14	2	116	0	0
14	2	117	0	0
14	2	118	0	1
14	2	119	1	0
14	2	120	0	1
14	2	121	0	0
14	2	122	1	0
14	2	123	0	1
14	2	124	0	1
14	2	125	0	1
14	2	126	0	0
14	2	127	0	0
14	2	128	0	0
14	2	129	0	1
14	2	130	0	0
14	2	131	0	0
14	2	132	0	0
14	2	133	0	0
14	2	134	1	0
14	2	135	1	0
14	2	136	1	0
14	2	137	1	0
14	2	138	1	0
14	2	139	1	0
14	2	140	1	0
14	2	141	1	0
14	2	142	0	1
14	2	143	0	1
14	2	144	0	1
14	2	145	0	1
14	2	146	0	1
14	2	147	0	0
14	2	148	1	0
14	2	149	0	1
14	2	150	1	0
14	2	151	0	0
14	2	152	0	0
14	2	153	1	1
14	2	154	1	0
14	2	155	1	0
14	2	156	1	1
14	2	157	1	0
14	2	158	1	0
14	2	159	1	1
14	2	160	1	1
14	2	161	1	1
14	2	162	1	1
14	2	163	1	1
14	2	164	0	1
14	2	165	1	1
14	2	166	1	1
14	2	167	1	1
14	2	168	1	1
14	2	169	1	1
14	2	170	1	1
14	2	171	1	1
14	2	172	1	1
14	2	173	1	1
14	2	174	0	1
14	2	175	0	1
14	2	176	0	1
14	2	177	0	1
14	2	178	1	1
14	2	179	1	0
14	2	180	0	1
14	2	181	0	1
14	2	182	0	1
14	2	183	1	0
14	2	184	0	0
14	2	185	1	1
14	2	186	1	1
14	2	187	1	0
14	2	188	1	1
14	2	189	1	1
14	2	190	1	1
14	2	191	1	1
14	2	192	1	1
14	2	193	1	1
14	2	194	1	1
14	2	195	1	1
14	2	196	1	1
14	2	197	1	1
14	2	198	1	1
14	2	199	1	1
14	2	200	1	1
14	2	201	1	1
14	2	202	1	1
14	2	203	1	1
14	2	204	1	1
14	2	205	1	1
14	2	206	0	1
14	2	207	0	1
14	2	208	1	1
14	2	209	1	1
14	2	210	1	1
14	2	211	1	1
14	2	212	1	1
14	2	213	1	1
14	2	214	1	1
14	2	215	1	1
14	2	216	1	1
14	2	217	1	1
14	2	218	1	1
14	2	219	1	1
14	2	220	1	1
14	2	221	1	1
14	2	222	1	1
14	2	223	1	1
14	2	224	1	1
14	2	225	1	1
14	2	226	1	1
14	2	227	1	1
14	2	228	1	1
14	2	229	1	1
14	2	230	0	1
14	2	231	1	1
14	2	232	1	1
14	2	233	1	1
14	2	234	1	1
14	2	235	0	1
14	2	236	1	1
14	2	237	1	1
14	2	238	1	1
14	2	239	1	1
14	2	240	0	1
14	2	241	0	1
14	2	242	1	1
14	2	243	0	1
14	2	244	0	1
14	2	245	1	1
14	2	246	1	1
14	2	247	1	1
14	2	248	1	1
14	2	249	1	1
14	2	250	1	1
14	2	251	1	1
14	2	252	1	1
14	2	253	0	1
14	2	254	1	1
14	2	255	0	1
14	2	256	1	1
14	2	257	1	1
14	2	258	1	1
14	2	259	1	1
14	2	260	0	1
14	2	261	1	1
14	2	262	1	0
14	2	263	1	1
14	2	264	1	1
14	2	265	1	1
14	2	266	1	1
14	2	267	1	1
14	2	268	1	1
14	2	269	1	1
14	2	270	1	1
14	2	271	1	1
14	2	272	1	1
14	2	273	0	1
14	2	274	1	1
14	2	275	0	1
14	2	276	1	1
14	2	277	0	1
14	2	278	1	1
14	2	279	1	1
14	2	280	1	1
14	2	281	1	1
14	2	282	1	1
14	2	283	1	1
14	2	284	0	1
14	2	285	0	1
14	2	286	1	1
14	2	287	1	1
14	2	288	1	1
14	2	289	0	1
14	2	290	0	1
14	2	291	1	1
14	2	292	1	1
14	2	293	1	1
14	2	294	1	1
14	2	295	1	1
14	2	296	1	1
14	2	297	1	1
14	2	298	1	1
14	2	299	1	1
14	2	300	1	1
14	2	301	0	1
14	2	302	1	1
14	2	303	1	1
14	2	304	0	1
14	2	305	0	1
14	2	306	0	0
14	2	307	1	1
14	2	308	1	1
14	2	309	1	1
14	2	310	1	1
14	2	311	1	1
14	2	312	1	1
14	2	313	0	1
14	2	314	0	1
14	2	315	0	1
14	2	316	0	1
14	2	317	1	1
14	2	318	0	1
14	2	319	0	1
14	2	320	0	1
14	2	321	0	1
14	2	322	0	0
14	2	323	1	0
14	2	324	1	1
14	2	325	1	0
14	2	326	0	0
14	2	327	0	1
14	2	328	0	0
14	2	329	0	0
14	2	330	0	1
14	2	331	1	0
14	2	332	1	0
14	2	333	1	1
14	2	334	1	1
14	2	335	0	1
14	2	336	0	1
14	2	337	1	0
14	2	338	1	0
14	2	339	1	1
14	2	340	0	1
14	2	341	1	1
14	2	342	1	1
14	2	343	0	1
14	2	344	0	1
14	2	345	0	1
14	2	346	0	0
14	2	347	0	0
14	2	348	0	1
14	2	349	0	0
14	2	350	1	0
14	2	351	1	0
14	2	352	1	0
14	2	353	1	0
14	2	354	1	1
14	2	355	1	1
14	2	356	1	1
14	2	357	1	1
14	2	358	0	1
14	2	359	1	0
14	2	360	1	1
14	2	361	1	1
14	2	362	1	1
14	2	363	1	1
14	2	364	1	1
14	2	365	1	1
14	2	366	1	1
14	2	367	1	1
14	2	368	0	1
14	2	369	0	1
14	2	370	1	1
14	2	371	0	1
14	2	372	1	1
14	2	373	0	1
14	2	374	0	1
14	2	375	0	1
14	2	376	0	1
14	2	377	0	0
14	2	378	0	1
14	2	379	0	0
14	2	380	0	1
14	2	381	0	1
14	2	382	1	0
14	2	383	0	0
14	2	384	0	0
14	2	385	0	0
14	2	386	0	0
14	2	387	1	0
14	2	388	1	0
14	2	389	1	0
14	2	390	0	0
14	2	391	1	0
14	2	392	0	0
14	2	393	0	0
14	2	394	1	0
14	2	395	1	0
14	2	396	1	0
14	2	397	1	0
14	2	398	1	1
14	2	399	1	0
14	2	400	1	0
15	1	1	1	1
15	1	2	1	0
15	1	3	1	1
15	1	4	1	1
15	1	5	1	1
15	1	6	1	1
15	1	7	1	1
15	1	8	1	1
15	1	9	1	1
15	1	10	1	1
15	1	11	1	1
15	1	12	1	1
15	1	13	1	1
15	1	14	0	1
15	1	15	0	1
15	1	16	1	1
15	1	17	1	1
15	1	18	1	1
15	1	19	1	1
15	1	20	1	1
15	1	21	1	1
15	1	22	1	1
15	1	23	1	1
15	1	24	1	1
15	1	25	1	1
15	1	26	0	1
15	1	27	1	1
15	1	28	1	1
15	1	29	1	1
15	1	30	1	1
15	1	31	1	1
15	1	32	1	1
15	1	33	0	1
15	1	34	1	1
15	1	35	0	1
15	1	36	1	1
15	1	37	1	1
15	1	38	1	1
15	1	39	0	1
15	1	40	1	1
15	1	41	1	1
15	1	42	1	1
15	1	43	1	1
15	1	44	1	1
15	1	45	1	1
15	1	46	1	1
15	1	47	1	1
15	1	48	1	1
15	1	49	1	1
15	1	50	0	1
15	1	51	0	1
15	1	52	1	1
15	1	53	1	1
15	1	54	0	1
15	1	55	1	1
15	1	56	1	1
15	1	57	1	1
15	1	58	1	1
15	1	59	1	1
15	1	60	1	1
15	1	61	0	1
15	1	62	1	1
15	1	63	1	1
15	1	64	0	1
15	1	65	0	1
15	1	66	1	1
15	1	67	1	1
15	1	68	1	1
15	1	69	0	1
15	1	70	1	0
15	1	71	1	1
15	1	72	1	1
15	1	73	1	1
15	1	74	0	1
15	1	75	1	1
15	1	76	0	1
15	1	77	1	1
15	1	78	0	1
15	1	79	1	1
15	1	80	1	1
15	1	81	1	1
15	1	82	0	1
15	1	83	1	1
15	1	84	0	1
15	1	85	1	1
15	1	86	1	1
15	1	87	1	1
15	1	88	1	1
15	1	89	1	1
15	1	90	1	1
15	1	91	1	1
15	1	92	1	1
15	1	93	1	1
15	1	94	1	1
15	1	95	0	1
15	1	96	1	1
15	1	97	0	1
15	1	98	1	1
15	1	99	1	1
15	1	100	0	1
15	1	101	0	1
15	1	102	0	1
15	1	103	0	1
15	1	104	0	1
15	1	105	0	0
15	1	106	0	1
15	1	107	1	1
15	1	108	1	1
15	1	109	1	1
15	1	110	1	1
15	1	111	1	1
15	1	112	0	1
15	1	113	1	0
15	1	114	1	1
15	1	115	0	1
15	1	116	0	0
15	1	117	0	0
15	1	118	0	1
15	1	119	1	0
15	1	120	0	1
15	1	121	0	0
15	1	122	1	0
15	1	123	0	1
15	1	124	0	1
15	1	125	0	1
15	1	126	0	1
15	1	127	0	0
15	1	128	0	0
15	1	129	0	1
15	1	130	0	0
15	1	131	0	0
15	1	132	0	0
15	1	133	0	1
15	1	134	1	0
15	1	135	1	0
15	1	136	1	0
15	1	137	1	0
15	1	138	1	0
15	1	139	1	1
15	1	140	1	0
15	1	141	1	0
15	1	142	0	1
15	1	143	0	1
15	1	144	0	1
15	1	145	0	1
15	1	146	0	1
15	1	147	0	0
15	1	148	1	0
15	1	149	0	1
15	1	150	1	0
15	1	151	0	0
15	1	152	0	1
15	1	153	1	1
15	1	154	1	0
15	1	155	1	0
15	1	156	1	1
15	1	157	1	0
15	1	158	1	0
15	1	159	1	1
15	1	160	1	0
15	1	161	1	1
15	1	162	1	1
15	1	163	1	1
15	1	164	0	1
15	1	165	1	1
15	1	166	1	0
15	1	167	1	1
15	1	168	1	1
15	1	169	1	1
15	1	170	1	1
15	1	171	1	1
15	1	172	1	1
15	1	173	1	1
15	1	174	0	1
15	1	175	0	1
15	1	176	0	1
15	1	177	0	1
15	1	178	1	1
15	1	179	1	0
15	1	180	0	1
15	1	181	0	1
15	1	182	0	1
15	1	183	1	0
15	1	184	0	0
15	1	185	1	1
15	1	186	1	1
15	1	187	1	0
15	1	188	1	1
15	1	189	1	1
15	1	190	1	1
15	1	191	1	1
15	1	192	1	1
15	1	193	1	1
15	1	194	1	1
15	1	195	1	1
15	1	196	1	1
15	1	197	1	1
15	1	198	1	1
15	1	199	1	1
15	1	200	1	1
15	1	201	1	1
15	1	202	1	1
15	1	203	1	1
15	1	204	1	1
15	1	205	1	1
15	1	206	0	1
15	1	207	0	1
15	1	208	1	1
15	1	209	1	1
15	1	210	1	1
15	1	211	1	1
15	1	212	1	1
15	1	213	1	1
15	1	214	1	1
15	1	215	1	1
15	1	216	1	1
15	1	217	1	1
15	1	218	1	1
15	1	219	1	1
15	1	220	1	1
15	1	221	1	1
15	1	222	1	1
15	1	223	1	1
15	1	224	1	1
15	1	225	1	1
15	1	226	1	1
15	1	227	1	1
15	1	228	1	1
15	1	229	1	1
15	1	230	0	1
15	1	231	1	1
15	1	232	1	1
15	1	233	1	1
15	1	234	1	1
15	1	235	0	1
15	1	236	1	1
15	1	237	1	1
15	1	238	1	1
15	1	239	1	1
15	1	240	0	1
15	1	241	0	1
15	1	242	1	1
15	1	243	0	1
15	1	244	0	1
15	1	245	1	1
15	1	246	1	1
15	1	247	1	1
15	1	248	1	1
15	1	249	1	1
15	1	250	1	1
15	1	251	1	1
15	1	252	1	1
15	1	253	0	1
15	1	254	1	1
15	1	255	0	1
15	1	256	1	1
15	1	257	1	1
15	1	258	1	1
15	1	259	1	1
15	1	260	0	1
15	1	261	1	1
15	1	262	1	0
15	1	263	1	1
15	1	264	1	1
15	1	265	1	1
15	1	266	1	1
15	1	267	1	1
15	1	268	1	1
15	1	269	1	1
15	1	270	1	1
15	1	271	1	1
15	1	272	1	1
15	1	273	0	1
15	1	274	1	1
15	1	275	0	1
15	1	276	1	1
15	1	277	0	1
15	1	278	1	1
15	1	279	1	1
15	1	280	1	1
15	1	281	1	1
15	1	282	1	1
15	1	283	1	1
15	1	284	0	1
15	1	285	0	1
15	1	286	1	1
15	1	287	1	1
15	1	288	1	1
15	1	289	0	1
15	1	290	0	1
15	1	291	1	1
15	1	292	1	1
15	1	293	1	1
15	1	294	1	1
15	1	295	1	1
15	1	296	1	1
15	1	297	1	1
15	1	298	1	1
15	1	299	1	1
15	1	300	1	1
15	1	301	0	1
15	1	302	1	1
15	1	303	1	1
15	1	304	0	1
15	1	305	0	1
15	1	306	0	0
15	1	307	1	1
15	1	308	1	1
15	1	309	1	1
15	1	310	1	1
15	1	311	1	1
15	1	312	1	1
15	1	313	0	1
15	1	314	0	1
15	1	315	0	1
15	1	316	0	1
15	1	317	1	1
15	1	318	0	1
15	1	319	0	1
15	1	320	0	1
15	1	321	0	1
15	1	322	0	0
15	1	323	1	0
15	1	324	1	1
15	1	325	1	0
15	1	326	0	1
15	1	327	0	1
15	1	328	0	1
15	1	329	0	1
15	1	330	0	1
15	1	331	1	1
15	1	332	1	0
15	1	333	1	1
15	1	334	1	1
15	1	335	0	1
15	1	336	0	1
15	1	337	1	0
15	1	338	1	0
15	1	339	1	1
15	1	340	0	1
15	1	341	1	1
15	1	342	1	1
15	1	343	0	1
15	1	344	0	1
15	1	345	0	1
15	1	346	0	0
15	1	347	0	0
15	1	348	0	1
15	1	349	0	0
15	1	350	1	0
15	1	351	1	0
15	1	352	1	0
15	1	353	1	0
15	1	354	1	1
15	1	355	1	1
15	1	356	1	1
15	1	357	1	1
15	1	358	0	1
15	1	359	1	0
15	1	360	1	1
15	1	361	1	1
15	1	362	1	1
15	1	363	1	1
15	1	364	1	1
15	1	365	1	0
15	1	366	1	1
15	1	367	1	0
15	1	368	0	1
15	1	369	0	1
15	1	370	1	1
15	1	371	0	1
15	1	372	1	1
15	1	373	0	1
15	1	374	0	1
15	1	375	0	1
15	1	376	0	1
15	1	377	0	0
15	1	378	0	1
15	1	379	0	0
15	1	380	0	1
15	1	381	0	1
15	1	382	1	0
15	1	383	0	0
15	1	384	0	0
15	1	385	0	0
15	1	386	0	0
15	1	387	1	0
15	1	388	1	1
15	1	389	1	0
15	1	390	0	0
15	1	391	1	0
15	1	392	0	0
15	1	393	0	0
15	1	394	1	0
15	1	395	1	1
15	1	396	1	0
15	1	397	1	0
15	1	398	1	1
15	1	399	1	0
15	1	400	1	0
15	2	1	1	1
15	2	2	1	0
15	2	3	1	1
15	2	4	1	1
15	2	5	1	1
15	2	6	1	1
15	2	7	1	1
15	2	8	1	1
15	2	9	1	1
15	2	10	1	1
15	2	11	1	1
15	2	12	1	1
15	2	13	1	1
15	2	14	0	1
15	2	15	0	1
15	2	16	1	1
15	2	17	1	1
15	2	18	1	1
15	2	19	1	1
15	2	20	1	1
15	2	21	1	1
15	2	22	1	1
15	2	23	1	1
15	2	24	1	1
15	2	25	1	1
15	2	26	0	1
15	2	27	1	1
15	2	28	1	1
15	2	29	1	1
15	2	30	1	1
15	2	31	1	1
15	2	32	1	1
15	2	33	0	1
15	2	34	1	1
15	2	35	0	1
15	2	36	1	1
15	2	37	1	1
15	2	38	1	1
15	2	39	0	1
15	2	40	1	1
15	2	41	1	1
15	2	42	1	1
15	2	43	1	1
15	2	44	1	1
15	2	45	1	1
15	2	46	1	1
15	2	47	1	1
15	2	48	1	1
15	2	49	1	1
15	2	50	0	1
15	2	51	0	1
15	2	52	1	1
15	2	53	1	1
15	2	54	0	1
15	2	55	1	1
15	2	56	1	1
15	2	57	1	1
15	2	58	1	1
15	2	59	1	1
15	2	60	1	1
15	2	61	0	1
15	2	62	1	1
15	2	63	1	1
15	2	64	0	1
15	2	65	0	1
15	2	66	1	1
15	2	67	1	1
15	2	68	1	1
15	2	69	0	1
15	2	70	1	0
15	2	71	1	1
15	2	72	1	1
15	2	73	1	1
15	2	74	0	1
15	2	75	1	1
15	2	76	0	1
15	2	77	1	1
15	2	78	0	1
15	2	79	1	1
15	2	80	1	1
15	2	81	1	1
15	2	82	0	1
15	2	83	1	1
15	2	84	0	1
15	2	85	1	1
15	2	86	1	1
15	2	87	1	1
15	2	88	1	1
15	2	89	1	1
15	2	90	1	1
15	2	91	1	1
15	2	92	1	1
15	2	93	1	1
15	2	94	1	1
15	2	95	0	1
15	2	96	1	1
15	2	97	0	1
15	2	98	1	1
15	2	99	1	1
15	2	100	0	1
15	2	101	0	1
15	2	102	0	1
15	2	103	0	1
15	2	104	0	1
15	2	105	0	0
15	2	106	0	1
15	2	107	1	1
15	2	108	1	0
15	2	109	1	1
15	2	110	1	1
15	2	111	1	1
15	2	112	0	1
15	2	113	1	0
15	2	114	1	0
15	2	115	0	1
15	2	116	0	0
15	2	117	0	0
15	2	118	0	1
15	2	119	1	0
15	2	120	0	1
15	2	121	0	0
15	2	122	1	0
15	2	123	0	1
15	2	124	0	1
15	2	125	0	1
15	2	126	0	0
15	2	127	0	0
15	2	128	0	0
15	2	129	0	1
15	2	130	0	0
15	2	131	0	0
15	2	132	0	0
15	2	133	0	0
15	2	134	1	0
15	2	135	1	0
15	2	136	1	0
15	2	137	1	0
15	2	138	1	0
15	2	139	1	1
15	2	140	1	0
15	2	141	1	0
15	2	142	0	1
15	2	143	0	1
15	2	144	0	1
15	2	145	0	1
15	2	146	0	1
15	2	147	0	0
15	2	148	1	0
15	2	149	0	1
15	2	150	1	0
15	2	151	0	0
15	2	152	0	1
15	2	153	1	1
15	2	154	1	0
15	2	155	1	0
15	2	156	1	1
15	2	157	1	0
15	2	158	1	0
15	2	159	1	1
15	2	160	1	1
15	2	161	1	1
15	2	162	1	1
15	2	163	1	1
15	2	164	0	1
15	2	165	1	1
15	2	166	1	1
15	2	167	1	1
15	2	168	1	1
15	2	169	1	1
15	2	170	1	1
15	2	171	1	1
15	2	172	1	1
15	2	173	1	1
15	2	174	0	1
15	2	175	0	1
15	2	176	0	1
15	2	177	0	1
15	2	178	1	1
15	2	179	1	0
15	2	180	0	1
15	2	181	0	1
15	2	182	0	1
15	2	183	1	0
15	2	184	0	0
15	2	185	1	1
15	2	186	1	0
15	2	187	1	0
15	2	188	1	1
15	2	189	1	1
15	2	190	1	1
15	2	191	1	1
15	2	192	1	0
15	2	193	1	1
15	2	194	1	1
15	2	195	1	1
15	2	196	1	1
15	2	197	1	1
15	2	198	1	1
15	2	199	1	1
15	2	200	1	1
15	2	201	1	1
15	2	202	1	1
15	2	203	1	1
15	2	204	1	1
15	2	205	1	1
15	2	206	0	1
15	2	207	0	1
15	2	208	1	1
15	2	209	1	1
15	2	210	1	1
15	2	211	1	1
15	2	212	1	1
15	2	213	1	1
15	2	214	1	1
15	2	215	1	1
15	2	216	1	1
15	2	217	1	1
15	2	218	1	1
15	2	219	1	1
15	2	220	1	1
15	2	221	1	1
15	2	222	1	1
15	2	223	1	1
15	2	224	1	1
15	2	225	1	1
15	2	226	1	1
15	2	227	1	1
15	2	228	1	1
15	2	229	1	1
15	2	230	0	1
15	2	231	1	1
15	2	232	1	1
15	2	233	1	1
15	2	234	1	1
15	2	235	0	1
15	2	236	1	1
15	2	237	1	1
15	2	238	1	1
15	2	239	1	1
15	2	240	0	1
15	2	241	0	1
15	2	242	1	1
15	2	243	0	1
15	2	244	0	1
15	2	245	1	1
15	2	246	1	0
15	2	247	1	1
15	2	248	1	0
15	2	249	1	0
15	2	250	1	1
15	2	251	1	1
15	2	252	1	1
15	2	253	0	1
15	2	254	1	1
15	2	255	0	1
15	2	256	1	1
15	2	257	1	0
15	2	258	1	1
15	2	259	1	1
15	2	260	0	1
15	2	261	1	1
15	2	262	1	0
15	2	263	1	1
15	2	264	1	1
15	2	265	1	1
15	2	266	1	1
15	2	267	1	1
15	2	268	1	1
15	2	269	1	1
15	2	270	1	1
15	2	271	1	1
15	2	272	1	1
15	2	273	0	1
15	2	274	1	1
15	2	275	0	1
15	2	276	1	1
15	2	277	0	1
15	2	278	1	1
15	2	279	1	1
15	2	280	1	1
15	2	281	1	1
15	2	282	1	1
15	2	283	1	1
15	2	284	0	1
15	2	285	0	1
15	2	286	1	1
15	2	287	1	1
15	2	288	1	1
15	2	289	0	1
15	2	290	0	1
15	2	291	1	1
15	2	292	1	1
15	2	293	1	1
15	2	294	1	1
15	2	295	1	1
15	2	296	1	1
15	2	297	1	1
15	2	298	1	1
15	2	299	1	1
15	2	300	1	1
15	2	301	0	1
15	2	302	1	1
15	2	303	1	1
15	2	304	0	1
15	2	305	0	1
15	2	306	0	0
15	2	307	1	1
15	2	308	1	1
15	2	309	1	1
15	2	310	1	1
15	2	311	1	1
15	2	312	1	1
15	2	313	0	1
15	2	314	0	0
15	2	315	0	1
15	2	316	0	1
15	2	317	1	1
15	2	318	0	1
15	2	319	0	1
15	2	320	0	1
15	2	321	0	0
15	2	322	0	0
15	2	323	1	0
15	2	324	1	1
15	2	325	1	0
15	2	326	0	0
15	2	327	0	0
15	2	328	0	0
15	2	329	0	0
15	2	330	0	1
15	2	331	1	0
15	2	332	1	0
15	2	333	1	1
15	2	334	1	1
15	2	335	0	1
15	2	336	0	1
15	2	337	1	0
15	2	338	1	0
15	2	339	1	1
15	2	340	0	1
15	2	341	1	1
15	2	342	1	1
15	2	343	0	1
15	2	344	0	1
15	2	345	0	1
15	2	346	0	0
15	2	347	0	0
15	2	348	0	1
15	2	349	0	0
15	2	350	1	0
15	2	351	1	0
15	2	352	1	0
15	2	353	1	0
15	2	354	1	1
15	2	355	1	1
15	2	356	1	1
15	2	357	1	1
15	2	358	0	1
15	2	359	1	0
15	2	360	1	1
15	2	361	1	1
15	2	362	1	1
15	2	363	1	1
15	2	364	1	1
15	2	365	1	0
15	2	366	1	1
15	2	367	1	0
15	2	368	0	1
15	2	369	0	1
15	2	370	1	1
15	2	371	0	1
15	2	372	1	1
15	2	373	0	1
15	2	374	0	1
15	2	375	0	1
15	2	376	0	1
15	2	377	0	0
15	2	378	0	1
15	2	379	0	0
15	2	380	0	1
15	2	381	0	1
15	2	382	1	0
15	2	383	0	0
15	2	384	0	0
15	2	385	0	0
15	2	386	0	0
15	2	387	1	0
15	2	388	1	1
15	2	389	1	0
15	2	390	0	0
15	2	391	1	0
15	2	392	0	0
15	2	393	0	0
15	2	394	1	0
15	2	395	1	0
15	2	396	1	0
15	2	397	1	0
15	2	398	1	1
15	2	399	1	0
15	2	400	1	0
